id,order_id,sku
40c7ad4c-fa02-473f-a61e-c4b04cb3f755,6cdca39a-a192-4a5d-bc0b-bad036301ec4,BEV-005
3a52dbac-4f27-40ab-b424-47ce0e8726ab,6cdca39a-a192-4a5d-bc0b-bad036301ec4,JAF-002
0fd59385-3271-40a3-b3a1-cea53d5f8dd5,6cdca39a-a192-4a5d-bc0b-bad036301ec4,JAF-004
a742ed9b-c5a0-40a7-a7a9-34888189acfe,80bddaa0-6e32-490c-9eec-558769a632f1,BEV-003
40792c39-251b-4f85-9617-be8dd53c2af0,80bddaa0-6e32-490c-9eec-558769a632f1,BEV-003
c5e12c75-c126-4473-8c35-e688e031aa5d,80bddaa0-6e32-490c-9eec-558769a632f1,BEV-002
4fade836-98b4-420d-b0e3-53dd93f60d88,80bddaa0-6e32-490c-9eec-558769a632f1,JAF-004
7af9c9f8-93f0-4c54-a449-28e7979c0313,80bddaa0-6e32-490c-9eec-558769a632f1,JAF-003
fd5f3d00-b73a-4746-8873-0d63e26e4bf0,80bddaa0-6e32-490c-9eec-558769a632f1,JAF-004
931d446a-f9bd-4584-be12-c28abc0eb1a4,1dc2e3ce-f12d-432c-b277-4e3c236b9fd1,BEV-001
accd57f8-1c6a-4206-807c-2b0e3a1837d9,1dc2e3ce-f12d-432c-b277-4e3c236b9fd1,BEV-003
4cb71ba1-a752-4bad-b610-dcf3f9ef74d6,1dc2e3ce-f12d-432c-b277-4e3c236b9fd1,JAF-005
82fe0c0d-b088-4f5e-a0b8-d42855e4044e,1dc2e3ce-f12d-432c-b277-4e3c236b9fd1,JAF-001
beec0779-750b-4a09-9525-3d2620d36d1e,c1ca98f9-4e14-46fa-941d-25219aacf27b,BEV-001
145c4105-8e9c-4366-b665-a3005a82e0e9,c1ca98f9-4e14-46fa-941d-25219aacf27b,BEV-004
3c408a3b-95c2-4fa9-bc11-54b2196aee4a,c1ca98f9-4e14-46fa-941d-25219aacf27b,BEV-002
71985c60-0c96-4231-995e-c36e2a96eb0f,c1ca98f9-4e14-46fa-941d-25219aacf27b,BEV-002
27fd0217-6e4c-4e2d-a771-bac11b34b4ab,c1ca98f9-4e14-46fa-941d-25219aacf27b,BEV-001
30af73d9-e889-4bf4-94f3-6f76d3494980,c1ca98f9-4e14-46fa-941d-25219aacf27b,JAF-005
0217ede8-6902-4b85-b8cc-1851a5bcb9cf,c1ca98f9-4e14-46fa-941d-25219aacf27b,JAF-005
a0fb3f4d-5be9-4628-b4b4-33cdd086a45f,c1ca98f9-4e14-46fa-941d-25219aacf27b,JAF-005
91b17162-7ec9-4def-8f8f-d5e6d63485f1,c1ca98f9-4e14-46fa-941d-25219aacf27b,JAF-001
ae80bdaf-c7de-4b93-869a-5fb04c9879b0,c1ca98f9-4e14-46fa-941d-25219aacf27b,JAF-005
b0d4af93-c5aa-49b2-9dd9-87c5eac06417,607aaf7b-2ce7-42f3-a61f-2939c7525991,BEV-003
2f251728-c44f-4d5f-92a0-e92694f863ce,607aaf7b-2ce7-42f3-a61f-2939c7525991,JAF-002
a465258e-6bc2-48d3-8ac5-26fd53f4afad,239c613e-0998-46bf-acea-2f094b2e8229,BEV-004
ba9eebe5-1674-4790-ac6b-c88d9f3ee81d,239c613e-0998-46bf-acea-2f094b2e8229,BEV-003
602be51b-d1c0-43ef-b952-7be520a2edd5,239c613e-0998-46bf-acea-2f094b2e8229,JAF-003
ebe56f1a-6fb6-47e0-909b-1e6c807440f4,239c613e-0998-46bf-acea-2f094b2e8229,JAF-001
7caf7e26-b582-4201-a649-5747c768137f,4fe7e955-f584-4a25-af61-8eb5cc43987b,BEV-005
4648b3aa-d739-46d8-894f-128d1c05b08a,87aa8559-1485-4892-8e9e-2d68d82c24c0,BEV-001
f01be2c7-589c-48d6-a4e8-c64fc385b69c,87aa8559-1485-4892-8e9e-2d68d82c24c0,BEV-001
70518a2e-436e-4a14-8abe-b766395a6cb4,87aa8559-1485-4892-8e9e-2d68d82c24c0,JAF-003
92483767-7dc0-465c-b781-9b8a2eac6021,0ca127a2-8c11-4f50-85c9-3d8574b9db4e,BEV-004
44fbf8f4-9860-4fef-8e35-4de1d021b19f,0ca127a2-8c11-4f50-85c9-3d8574b9db4e,BEV-003
4bb416ed-a7dd-4e38-8f92-f0a5e58d3e1f,0ca127a2-8c11-4f50-85c9-3d8574b9db4e,BEV-002
9c74ea69-338b-4c9b-963a-56e974ed484f,0ca127a2-8c11-4f50-85c9-3d8574b9db4e,BEV-003
1716df03-8e3c-413e-94b1-70bc4f5f4928,0ca127a2-8c11-4f50-85c9-3d8574b9db4e,BEV-003
35f550c8-0714-4361-bc9a-5faf3390f1ec,0ca127a2-8c11-4f50-85c9-3d8574b9db4e,JAF-005
3b00b4f3-acd3-4a68-9eea-e5d2ddc09bdf,0ca127a2-8c11-4f50-85c9-3d8574b9db4e,JAF-005
93870dff-0648-424a-b4e2-6ad1b6aef835,0ca127a2-8c11-4f50-85c9-3d8574b9db4e,JAF-004
4a2dee34-7602-48b0-a260-c4b1058c5497,0ca127a2-8c11-4f50-85c9-3d8574b9db4e,JAF-005
d05c3c37-0f33-4487-96e0-9c61e48e397c,0ca127a2-8c11-4f50-85c9-3d8574b9db4e,JAF-001
6e7752cb-d460-4254-b07a-8259acaeab82,92ff68b3-70ac-4d22-af69-47ba857e2346,BEV-003
f5be7bb9-dbb3-4605-8ea1-bb3d992b4b3f,92ff68b3-70ac-4d22-af69-47ba857e2346,BEV-003
dde74f2d-c9d7-486d-8aa8-c96f16252272,92ff68b3-70ac-4d22-af69-47ba857e2346,BEV-002
f372a5ac-9e44-4c63-a86a-639a20e3dde1,92ff68b3-70ac-4d22-af69-47ba857e2346,JAF-002
65d58594-7600-40e9-8016-939bc79e83dd,92ff68b3-70ac-4d22-af69-47ba857e2346,JAF-003
e815be2f-f77e-4536-ac75-514bccfde239,92ff68b3-70ac-4d22-af69-47ba857e2346,JAF-002
fa714e91-2530-4541-9f97-7bd0b085a901,eeb7cd6c-4faa-4d96-98b9-496a05cf50a8,BEV-003
8dec2596-2686-43a9-a090-fabd2d52dccc,eeb7cd6c-4faa-4d96-98b9-496a05cf50a8,BEV-003
7abf23fd-df37-447b-aac4-465cfce971f7,eeb7cd6c-4faa-4d96-98b9-496a05cf50a8,BEV-003
d7f203af-2aae-4859-970d-27af2ac23c51,eeb7cd6c-4faa-4d96-98b9-496a05cf50a8,BEV-002
60dd1c4d-7b71-402b-81ed-3c7fcce88db3,eeb7cd6c-4faa-4d96-98b9-496a05cf50a8,JAF-003
972361fe-dd6a-4cfd-8024-d97b626397ec,eeb7cd6c-4faa-4d96-98b9-496a05cf50a8,JAF-001
9f755e89-a074-4994-8eb0-a4c823ea45c1,eeb7cd6c-4faa-4d96-98b9-496a05cf50a8,JAF-001
eaff72aa-3180-4032-9a46-842876f2ab7c,eeb7cd6c-4faa-4d96-98b9-496a05cf50a8,JAF-004
46439261-35a6-4b18-85ab-e924e02661b8,45fafc9d-bcc5-476d-befe-2ae9da52349c,BEV-005
3c494d84-9928-453d-9392-24ea14ccaec9,45fafc9d-bcc5-476d-befe-2ae9da52349c,BEV-005
7d70bc35-fb0d-41f0-8b60-31d1e14a2512,45fafc9d-bcc5-476d-befe-2ae9da52349c,JAF-001
b9486566-66a4-4869-b310-cbcf3473473c,45fafc9d-bcc5-476d-befe-2ae9da52349c,JAF-002
d4cb01bf-cf26-412f-aabc-4b6b8e927288,1eafe343-8c8d-4e59-bde6-239512a5ccea,BEV-003
8e6255a3-f5ef-406e-877a-3425169a01d6,3ce10fe8-9c31-4582-a71e-08d7022c6852,BEV-001
f1813505-3ae6-449e-bfcb-c9db0bb1122f,ce4f0016-2e55-4a60-a7c4-6ba8c30ed9ac,JAF-004
ffdb729f-ef8b-42c0-b48b-1b969dba2899,bc4ecf62-1001-4755-a22a-3134ba8714e1,BEV-001
58f52e6b-8a8b-442e-a6a0-50455b3da459,5b5815b4-dd89-49ab-9396-477b57b360d6,BEV-002
05445d05-9a4e-4633-b154-143b8e882543,5b5815b4-dd89-49ab-9396-477b57b360d6,BEV-001
d9d54ed8-22d5-4860-bba7-f006ddd8f529,5b5815b4-dd89-49ab-9396-477b57b360d6,JAF-005
fde0f0d1-9ce7-4287-b71e-51d58a755fff,5b5815b4-dd89-49ab-9396-477b57b360d6,JAF-005
e5e824ef-482a-438b-9066-74712529bc5a,39087c1f-2171-4b4c-89d9-c74c6b11e485,BEV-004
1bd68bc3-278e-4db1-b9b2-9097d0b9245a,39087c1f-2171-4b4c-89d9-c74c6b11e485,BEV-004
50f358c5-eab3-47da-9621-889d21ce1722,c0dfd327-b0bb-4fa1-b1fc-52d4807e4b8d,BEV-001
db724ce6-b3e7-4994-b5a2-abd0b48c0370,c0dfd327-b0bb-4fa1-b1fc-52d4807e4b8d,BEV-002
ee5e9178-fb63-471a-aa56-ebc39f4c8041,c0dfd327-b0bb-4fa1-b1fc-52d4807e4b8d,JAF-003
c2705899-8290-4da2-b405-aa6671851dcd,c0dfd327-b0bb-4fa1-b1fc-52d4807e4b8d,JAF-005
98f1ac30-56b8-4e2a-bd0d-38c8ec266114,2590cf9b-b423-40e8-928f-c5c1a1589576,BEV-001
33c48135-40f1-441f-9f43-cabc6827bae4,2590cf9b-b423-40e8-928f-c5c1a1589576,BEV-004
6778c432-2c2b-4a42-acdf-946cd09c81ee,2590cf9b-b423-40e8-928f-c5c1a1589576,JAF-004
fc492f95-7956-4759-8de7-3e98bde01413,0ee5b137-9903-45a2-bcc1-9e4fdb744dca,BEV-002
874de3d1-72d0-4240-a062-2b05fbc42b92,0ee5b137-9903-45a2-bcc1-9e4fdb744dca,BEV-001
ea14b2bf-d94f-4c39-b43f-f760946bb24c,0ee5b137-9903-45a2-bcc1-9e4fdb744dca,BEV-003
be0735e5-3321-47fa-b490-d2b50b58a82d,0ee5b137-9903-45a2-bcc1-9e4fdb744dca,JAF-003
873898a3-5ae2-4464-aee9-fdd5ad7dd0bf,0ee5b137-9903-45a2-bcc1-9e4fdb744dca,JAF-003
1072b9d5-f470-401a-95fd-6214d154e4ef,0ee5b137-9903-45a2-bcc1-9e4fdb744dca,JAF-001
07e0b56e-a0e3-4372-8a70-240b650c36de,16a59c97-a122-4603-8999-2f272041a47b,BEV-002
6e210deb-7d87-46c3-ab16-5db1aced7ba7,1adee017-2116-43f4-952c-c188aff86cf0,BEV-002
e3682cba-4654-4bee-b552-b3e9866d4964,ebba91f6-60b7-4c7f-b948-7cb236cc21ad,BEV-004
c9f3832c-f4d0-49c6-b88f-5c66e88767e1,ebba91f6-60b7-4c7f-b948-7cb236cc21ad,BEV-001
a115351e-a826-4a64-a2be-3ba7af5c502d,ebba91f6-60b7-4c7f-b948-7cb236cc21ad,BEV-004
332e76a4-1723-4b3a-84fe-d644eabaf339,ebba91f6-60b7-4c7f-b948-7cb236cc21ad,BEV-005
853ede2b-32a6-4e3c-9156-2df0c47162a5,ebba91f6-60b7-4c7f-b948-7cb236cc21ad,BEV-003
3f520168-3f3e-40d6-b23c-306ef04bc2af,ebba91f6-60b7-4c7f-b948-7cb236cc21ad,JAF-002
57f85eb8-f757-49b9-b3b8-78f8ef1d0cbb,ebba91f6-60b7-4c7f-b948-7cb236cc21ad,JAF-004
09b874d8-1381-4063-a04f-ac25e3444d79,ebba91f6-60b7-4c7f-b948-7cb236cc21ad,JAF-004
94b9e795-4dd8-4006-8dc7-e81a243652bf,ebba91f6-60b7-4c7f-b948-7cb236cc21ad,JAF-005
79a9a3a8-da9b-4dd6-b4bf-6cebd4016ad5,ebba91f6-60b7-4c7f-b948-7cb236cc21ad,JAF-001
d161c221-e2e5-4db0-a1a2-81c4e8034152,7dc7f9c1-90a6-488a-9b7f-7543ec384cfc,BEV-004
4402a3d3-0c3e-46cd-b465-0d6153bdd4b3,7dc7f9c1-90a6-488a-9b7f-7543ec384cfc,JAF-004
9e54f3d0-123c-458e-b981-b4d15db5be51,6a9ee0c4-6be6-4263-98f7-902561879ebd,BEV-004
aaf1c0b6-ead2-4117-8b02-a7dd683fa1bd,dc4571e1-f8aa-4935-9b04-82ec79a6ce4a,BEV-003
d917eb3f-c516-4cee-b5f1-f0d6b258f2f8,dc4571e1-f8aa-4935-9b04-82ec79a6ce4a,BEV-005
ec025f86-b18e-4d8e-b5b1-10e9ed8f316e,dec6f2d6-6a7e-480e-be56-bff891af70ea,JAF-005
8d8975bb-bf6f-4759-8328-4f5f464d2fdb,f7bab272-dc82-42eb-90a8-cb6fecc1ad67,BEV-001
0abc5f97-0853-4d40-a255-f3ef1d21b8ce,bdbd4af7-c66f-416e-b45d-a900f81915ab,BEV-001
7fe30aee-ca0f-484e-8e3c-d0575f0d32bc,8d8f1345-a9e0-45a8-9790-86afed4d811c,BEV-002
389228c6-b4c7-4b96-8d79-a3ed5822fbfb,8d8f1345-a9e0-45a8-9790-86afed4d811c,BEV-003
927dfd42-0e24-4671-8ff9-21b8d9a1d6ce,8d8f1345-a9e0-45a8-9790-86afed4d811c,BEV-005
514d3958-996f-4648-b099-0932938d4cd5,8d8f1345-a9e0-45a8-9790-86afed4d811c,BEV-002
fba1b20f-ab86-4ed4-bf00-b3041d0850a7,8d8f1345-a9e0-45a8-9790-86afed4d811c,JAF-003
298c5701-413a-4c71-a32c-c1f02398334f,8d8f1345-a9e0-45a8-9790-86afed4d811c,JAF-005
8fcb34e5-90a9-485c-b280-7c3b711fffa5,8d8f1345-a9e0-45a8-9790-86afed4d811c,JAF-001
7216f451-fa02-4584-abb9-5cf2f7247baf,8d8f1345-a9e0-45a8-9790-86afed4d811c,JAF-004
b58f93e5-914a-4f5a-8b86-52ee7b46463a,817d149e-d1c4-4e4a-bbeb-4ee28c0dc169,BEV-005
5b231ebf-3c72-4b8e-8913-bd5824b3d873,817d149e-d1c4-4e4a-bbeb-4ee28c0dc169,BEV-003
eb8f4e46-865e-4a2c-ad2c-9eba265745cf,817d149e-d1c4-4e4a-bbeb-4ee28c0dc169,JAF-003
8e1cd5a2-8546-463d-ba38-9e348132551d,817d149e-d1c4-4e4a-bbeb-4ee28c0dc169,JAF-004
6fadac87-50b2-4222-beef-fa879fe44b32,b60c7ee7-3edf-43f2-9e97-a1217f94a069,BEV-004
743e8ed0-b36d-4d10-81ed-d0c3fd30874e,b60c7ee7-3edf-43f2-9e97-a1217f94a069,BEV-002
df4bd40b-7443-4273-9c49-b1b340c6da10,b60c7ee7-3edf-43f2-9e97-a1217f94a069,JAF-002
d1a81751-2077-415f-b7a8-79a3ccebd787,b60c7ee7-3edf-43f2-9e97-a1217f94a069,JAF-003
599ef1b9-c1af-40e7-8dd3-53687a2ed747,d139d521-8468-4054-84ad-90c53b4fae88,BEV-004
6c0d7fba-1436-467f-b65d-84b5621a9efb,d139d521-8468-4054-84ad-90c53b4fae88,JAF-002
9df5a0b0-0d07-44c6-8420-1c28e55a907e,0c13ff4c-c87d-40e2-be2a-a65113e74d2b,BEV-002
a7a65180-c737-4ded-957c-b18028b24893,056c0125-ec74-4489-bfb6-f3e2314d2939,BEV-003
d8976178-44d8-4325-8262-26f005202f7b,056c0125-ec74-4489-bfb6-f3e2314d2939,JAF-003
5fb06058-8271-47cc-9180-a44b22ea0b8a,c33ed9d6-ba05-42b1-baa4-f2b42635dabf,JAF-002
4cf16773-df22-4c5f-9624-39146b83a800,a3cda2b9-5249-4fe0-8c68-0122533433f7,BEV-005
fed197d9-a54d-4383-8de2-b8f0b4f1cbac,a3cda2b9-5249-4fe0-8c68-0122533433f7,BEV-004
82371e8c-1081-404c-b24c-5f5d27802450,a3cda2b9-5249-4fe0-8c68-0122533433f7,JAF-001
a8156726-9884-4701-8587-3953fe4a68c8,a3cda2b9-5249-4fe0-8c68-0122533433f7,JAF-005
a9acd28e-a33e-4ad3-a04b-6bc54cd85b66,fab4f594-b51e-4134-95dd-63fcc8b7a19b,BEV-005
766a5f13-f1d6-4a7f-a195-e5585dfccde7,0a9f6911-621c-437d-965f-dcb6e2015fb9,BEV-005
4ee2e420-005f-4a79-992a-71468d5429f5,8904b0b7-612d-4d66-8177-ddf7ee133649,BEV-004
185d6714-9b39-4409-b828-a3ab5df6c8d2,8904b0b7-612d-4d66-8177-ddf7ee133649,JAF-005
6433cb89-39e1-4649-bd32-6095346b7206,2726034a-7643-476f-9d4e-90784b716333,BEV-003
7c011706-9897-4308-b70a-10dd87491eb3,4745b5c0-7d1a-43ac-a05b-1dfb3b82f427,BEV-003
ddeb3cb7-4251-4140-ab57-7b6178e948a4,df658671-0e43-4d4d-9ad6-c18caeacc47e,BEV-002
93d7048a-039b-46b3-80c1-a7aded2e7634,df658671-0e43-4d4d-9ad6-c18caeacc47e,BEV-004
7bf8f27b-f73e-4fb1-b89e-9ba3728776d7,69389709-b3ae-4546-94bc-739f7418dab2,BEV-001
724a6b66-d827-45cd-b381-a817d1bf5264,4cc23c56-25e1-4e48-8d48-a66a274aeeff,BEV-001
3a3016be-d177-42af-8c9d-e646c4ff2593,3b0c1819-e3e7-4888-9376-fd38f480837a,BEV-003
7ea37411-2d27-4f8c-93f2-5872a42a914f,af366fe5-ddfe-45af-8dc3-71cb130ae07f,BEV-005
4066240c-7392-466a-8990-5cb9d86449ab,af366fe5-ddfe-45af-8dc3-71cb130ae07f,BEV-002
42208b76-f1b0-4431-bcac-217fda4ae3ab,04039ae1-bc78-47a4-be5a-58ee0c59d79a,BEV-001
bbac09e8-b78a-433a-bcc2-af745de967c6,cb078ce1-0386-43ac-86f9-175b8af25e52,BEV-004
90ede585-e8f5-4dcf-92fb-0a64d08ef927,e59f21bf-d757-4012-90be-93ec807986e6,BEV-004
269eb7d1-624b-4e69-809d-1b2bc8bd89dd,e59f21bf-d757-4012-90be-93ec807986e6,JAF-001
36bb3d38-06db-4a6b-b882-cbaaf6a740f4,7ee68c53-18ff-41fe-ab0c-26bb72efca6b,BEV-003
51b18c16-36fc-4c6e-8794-ade70fbf23b9,332d563d-6c0a-4826-92cd-a13e8ca3ac48,BEV-004
0adfec03-23cb-404e-89f7-085a0c9681ad,30a9bee7-ba4c-4c87-a997-5deb1081b31c,BEV-005
27051f76-942e-4a23-a2ed-93b6a114f5b2,e20419d8-2d7c-4ebc-9e24-97e4b9515e4f,BEV-003
7b0d0de7-cc5e-4aef-9ea2-99e0bc0f29aa,d3b83ce5-df4f-403f-8a0f-cae720094051,BEV-004
d0772ff8-d614-421d-957f-f213e66c5901,d2b5fd88-6445-43b1-b0d8-9acc63719185,BEV-005
fc29bde9-3970-4d93-8481-269846ad5732,7e8d4961-5c16-4f2b-841d-1a82ae1d77a7,BEV-003
211c73fb-361a-4b6e-9563-fb8cf73b5cd2,2af94c06-8c5c-43db-9471-76772c6b1f49,BEV-001
4572bd67-54de-43a1-92c6-b58ff0f9f74b,2def981f-d123-4115-abed-45f8e27e708d,BEV-005
a959799d-d1ce-4843-a223-be3b79c7889e,654ed9c0-a334-4f9c-a15b-acd503950536,BEV-005
e39fdcaa-eed7-46f6-b705-ae1b0932357e,af6b232c-4916-497c-901c-6b92a706a5d5,BEV-002
86123ea6-6110-486e-828a-3cafcbcd5325,af6b232c-4916-497c-901c-6b92a706a5d5,BEV-005
8997bc0b-ffc4-44c9-978d-eb7a28a5dc83,af6b232c-4916-497c-901c-6b92a706a5d5,BEV-003
f1bec36f-75da-4aa2-ae6c-96c04b3bfde3,af6b232c-4916-497c-901c-6b92a706a5d5,JAF-005
fa190f5a-6b2b-48f2-b55d-8c06a68cb9b9,af6b232c-4916-497c-901c-6b92a706a5d5,JAF-001
12989a5f-5a62-47c2-8076-a6aa45899160,af6b232c-4916-497c-901c-6b92a706a5d5,JAF-003
644b022d-2601-48cd-9694-1f5ce97f50cb,c886f207-b78d-4df9-a4d1-5e8b0152e7c5,BEV-005
e54b371f-9df2-4df6-8531-08eab7774c85,7eea6139-2487-47d2-8b39-d6d69dbf22e1,BEV-001
19835f03-4d9f-43c8-80dd-c2cca2d45b89,ca92d86b-77a6-4b48-a1b5-393d1c1450dc,JAF-001
6136499a-ccf8-4608-bbdf-f190bf719399,4b197a24-465b-44e1-a28a-f99446f83b5b,BEV-004
936b1d17-e7e0-44dc-ad9a-f7653355b655,4b197a24-465b-44e1-a28a-f99446f83b5b,BEV-005
430ce4ab-4a9c-4fdc-b1b3-d345fbd2d4ca,9d5df1e1-d78f-4a5d-9ee3-5a3353922260,BEV-001
5302f3e7-5ac6-4169-8208-908f378dfb87,c9d762e6-b9db-4782-8372-5998a9ed1ff4,BEV-005
cac69f11-fbae-4467-9828-7f12bc30105a,b1b57a78-d0da-4e7e-908f-883279f71df3,BEV-004
a42eccdf-1f70-4737-9f39-2af960152c39,b1b57a78-d0da-4e7e-908f-883279f71df3,BEV-002
6884571f-b618-44be-8e7d-e212bcf65506,28af0ec6-2508-4676-8c4a-2b286d3454df,BEV-004
a53d813c-c07a-43ac-bbab-7568a8857122,28af0ec6-2508-4676-8c4a-2b286d3454df,JAF-001
06181e3e-a660-4e30-81c7-2aa20cba8223,28af0ec6-2508-4676-8c4a-2b286d3454df,JAF-002
4fa71c28-312d-4ee7-812c-6d528874dcf4,bf0fdbd4-99d7-4f70-8eb3-5fe29e1cc63e,BEV-001
e2333ac0-801f-46a8-94d4-13e90cbe0602,ed91e740-4bf4-4697-8417-8fa43d726cff,BEV-004
56b60dc0-d29e-498f-802b-81da47e22e0a,846904dd-c094-477e-91ba-b59a14a9ee8f,BEV-005
816067d0-c671-4098-b776-687f0a92aa56,846904dd-c094-477e-91ba-b59a14a9ee8f,BEV-005
27c75956-b698-46c3-84b5-ce143399193a,2f8850a7-b554-4746-b4df-c14970548952,BEV-003
034def64-b67d-4fde-95ef-043a1dc504a5,2f8850a7-b554-4746-b4df-c14970548952,BEV-001
72cc91dc-83c2-4a94-aab3-58cb0492975c,04db87ae-4bf6-4142-9c7b-c65b7589148e,BEV-002
ff92e832-82a5-45aa-8d92-2d01cb83029d,784aa07f-b2f1-42e1-9a75-ab70775b677c,BEV-005
c67b5cfb-4ac7-4b25-be97-46a413f9495e,35389ec2-1f37-46af-b4b1-a7974490be00,BEV-001
8f37ca15-778b-4297-9251-f955935551be,418e7e78-1c2f-47bd-9b22-d94ab019d435,BEV-001
579ebc83-a291-40b3-a531-b4924a3985fe,df20d288-b89e-49ab-ae7e-76cbd6ee3e99,BEV-002
20f82535-7b4b-4ddc-9de1-deaec1f1dd2c,41a95646-a9bb-4c3d-bc91-5efecf264198,BEV-004
83b0d477-765b-4ed2-bbf1-69883e52cd27,41a95646-a9bb-4c3d-bc91-5efecf264198,BEV-003
0fceba63-93e7-4b5f-83eb-972938b50c5b,41a95646-a9bb-4c3d-bc91-5efecf264198,JAF-002
e82ec7e3-b08a-4965-855f-4238e4b1b277,8e8d7a01-f535-4a30-85a8-bfd997d6688b,BEV-001
5730375d-91ef-43ea-b215-5aae7ba52cc4,1761d35f-1e1d-4b2e-a733-8d2e8d5a53da,BEV-004
76d78408-350e-464a-894f-f48baa097963,f3dab5c8-8f7b-4c44-993d-4ed5acad49c2,BEV-001
12217c6a-0a70-4738-ad56-aff709483512,43c1ff58-5fe3-4312-af33-6a0d6aaf0f3b,BEV-005
4cf591e2-88b4-436b-8c8d-75327154ca06,1f9436ef-8c30-4716-813c-4e5f0ef09425,BEV-001
55e1bc26-3624-44ad-8127-c64063fa2ec8,ec74f32d-6107-4ba2-9b03-bc8da4e81141,BEV-003
37ebb13c-c2c6-4072-a230-fd47944a16ec,a9dc423a-a74d-4e62-9b30-011b6b336d2b,BEV-001
9de32b76-9ba9-4686-a214-9b4761ea0ac6,cab01282-2a78-43c8-90fd-5f96beddc518,BEV-004
20148379-02f2-44a2-8998-894042728156,a91f603b-4760-4c29-84b8-4b13cc73e744,BEV-004
a5270720-882a-468c-871c-e8f6a02cd6c1,4c3fbe80-1a6f-478d-8fdb-591087b81635,BEV-001
f87c1201-ea9e-43ea-8193-a506d729f80e,830d47aa-c5f3-4428-8503-768a937df28f,BEV-005
3e93c00f-666f-445a-950a-482c91ce3860,bf977596-b906-49e6-ab42-ac81fc446a6c,BEV-003
dfe9de55-fbf6-4419-bf76-b17e46bd753e,cf7b4086-a2d9-441c-ada8-1961cff0c9d3,BEV-003
610f10e9-3533-46e3-9db4-8a0479dce539,d50c7b51-9c4b-4346-a72e-86826c4e05ed,BEV-005
a580dc67-7db4-42f5-b734-6192c25d2734,d50c7b51-9c4b-4346-a72e-86826c4e05ed,BEV-002
87bf29cc-3dfc-4d93-986a-74dd9388609e,d50c7b51-9c4b-4346-a72e-86826c4e05ed,JAF-001
8057de07-93d9-481f-b8af-2e1fde0910ac,4d888b23-2096-4ff9-9573-daeebf5187b8,BEV-001
0c788424-4f88-420a-a95d-2f00dd66c16c,08708a8f-36b2-4625-ace8-19070b2b3f7b,BEV-002
b2f69e4f-f822-4ee6-ae51-fc24a6779b3a,08708a8f-36b2-4625-ace8-19070b2b3f7b,BEV-001
3bdcd6ec-07b7-4cf2-a88f-f5843fc720fd,08708a8f-36b2-4625-ace8-19070b2b3f7b,JAF-004
bc5d2ad3-8632-4b18-afaf-ed6e8df94973,08708a8f-36b2-4625-ace8-19070b2b3f7b,JAF-004
96c83d2b-0931-499b-ac98-a821ddf32325,08708a8f-36b2-4625-ace8-19070b2b3f7b,JAF-001
5c7ed49e-a1ed-4020-ad81-728982ad0cbe,034167cb-87c4-4450-8708-dbdc36203314,BEV-004
2e3811b5-651e-4c25-a5d1-7729b41325a4,d5e7c5e2-5151-4432-bf48-6533a112a786,BEV-004
e9fd49a0-87b2-48c3-8fba-125c02193a6c,5fcd1352-098c-4889-a6ec-7add7754e6c8,BEV-005
c474a52f-a01f-49c7-bf34-516f61fa4c75,5fcd1352-098c-4889-a6ec-7add7754e6c8,BEV-005
2212c943-ad76-4316-a9b8-67ec3f00bdc4,5fcd1352-098c-4889-a6ec-7add7754e6c8,JAF-002
19e95d20-3e6e-48b1-9100-fee86bc86159,6a5f2a6a-27c2-4cc7-a05c-9e76ccb1a782,BEV-003
b6b23545-8d6a-4fbb-89e7-67a4f7541441,b864e0ed-e98f-420b-b9d2-faa0f5607ad7,BEV-001
42f3f11b-fa73-4d15-98d4-c1845dd7ec6f,58e8bb5d-759f-45f2-8d4c-8886a2205336,BEV-002
ad055362-b957-4fe8-9255-dd60a269e7fd,075c122b-2d02-4369-9f3b-55d0acd7e2c6,BEV-005
58139a80-1c71-4a54-aebb-379fecbb4bc2,79e40204-0051-46d5-8b40-ab2dbf5c0a17,BEV-004
055d7265-107a-4e3f-ae2e-aa51d87b10c6,79e40204-0051-46d5-8b40-ab2dbf5c0a17,BEV-004
92feb2c2-f9fd-4345-9de7-eab86043923e,fdc79945-f2f5-483a-9ada-3875cba2b066,BEV-002
8b96b9a4-e461-459b-8d62-5e965a3676b8,0453b179-eef9-4dbc-b622-51387f457f10,BEV-004
6932bda7-8999-4775-91c1-87ae8ffb6b8f,ac580433-6ee1-4927-9061-00ae76bf27e0,BEV-002
05f8e395-2950-4f5c-82d3-ed2e212cd60f,9358beab-7ec1-42f6-95de-28b88bfb0dfb,BEV-005
0e2f78a6-3591-4100-b736-31c2a7594a36,85508df0-9576-43a6-be70-d64b062ecd84,BEV-004
1e8fe63d-19f3-42fc-ae7b-a687be36881f,738c1f9f-679a-4785-9000-761b11eed49f,BEV-001
0ad9b6c3-393f-43cb-9e99-eb27c753bc82,5f70df03-59d2-4297-b167-fecf5da89b0f,BEV-005
03ecba91-b670-403a-b06f-34aee698be17,c4aa5b1d-278a-486d-a202-cd57809ec295,BEV-003
f78ab7a7-e5e1-4136-9c0d-372a9617c300,db6db259-538e-4b6b-811a-18047bb4a2f0,BEV-003
e2d387fd-def9-4229-8387-247bfbad5daa,bd562542-22b1-45bb-b8cf-0d14211bcda6,BEV-005
4c39e4b8-5ee1-45a4-b6f9-203ea321b79f,bd562542-22b1-45bb-b8cf-0d14211bcda6,BEV-002
49e21b73-4442-4f07-aa53-361a0a828aed,bd562542-22b1-45bb-b8cf-0d14211bcda6,JAF-003
bdb715e8-3a7e-481e-82f4-5a731a27cad5,bd562542-22b1-45bb-b8cf-0d14211bcda6,JAF-004
eca677f0-87ad-4dce-8cb9-07413e969527,bd562542-22b1-45bb-b8cf-0d14211bcda6,JAF-004
6a4a4ec3-bff1-4558-b001-8cc619ad9c9a,9dd21d8e-4a89-4262-8505-dbafcfa9db86,BEV-005
7ca7ba2f-4d76-4973-bd10-29ff1452e3f5,ebd5533c-a158-4640-bbad-6944fbb0aac0,BEV-003
5892a363-d881-4be7-be0e-d0314266d4d8,60ce38fd-aebb-483c-bafa-23097a229504,BEV-004
041b1349-bbb4-4704-88e9-7f706bd4397b,eab8755b-4287-49b3-ac65-d638ba98ca76,BEV-003
84a93aa8-9180-4ea6-a0e7-434522206f62,8a9937ab-766f-4fda-9774-77f72aef237e,BEV-004
6786a7cb-53db-49ea-8dda-90ca8343f1c8,186aadfb-2d0b-4052-be73-ab722f8bba7a,BEV-005
184209e5-4fd9-4308-b338-b0cad13e1460,3deb1a05-34db-4edd-9c3c-b839fc066000,BEV-002
95173a3d-57e1-4f2e-87e7-d87a619980f6,3deb1a05-34db-4edd-9c3c-b839fc066000,JAF-004
8cb0cfe3-1525-4f42-8301-abdc4a656397,36a75a29-5cd5-4877-b54b-ca48ca82b1a3,BEV-005
6a32f3f5-727a-4cca-8274-2ca46b8d3de0,cd4b90a9-6614-4f16-ab3d-4839a83c0295,BEV-003
b5d13c9e-a672-47a7-ade0-bf98ebaf11f4,cd4b90a9-6614-4f16-ab3d-4839a83c0295,BEV-002
56d97360-e5d2-4862-9991-fe24f95cfa9a,cd4b90a9-6614-4f16-ab3d-4839a83c0295,JAF-003
853a913d-0282-46c2-96dd-41c933c65677,3af919bf-5c85-4c44-a676-608909f08082,BEV-003
bc173cef-b51a-473d-8009-78e2e0a819c2,99afe6f9-4836-47fa-9e30-30541e7dc303,BEV-003
92587830-08a2-44ef-a604-e1fe59837104,f9e32284-6f19-40ac-9e2f-5ec047ce3825,BEV-001
28921600-8603-49ba-89f5-9bbd182edac2,4d307a05-686e-4b41-8fe1-f0f2f3dca30d,BEV-004
910d1c61-d9b9-4e1d-9644-678c8a1c5ddb,d64460c0-924d-44a1-87d4-43da4d5f5cbe,BEV-002
4361c8b3-fa85-4009-ba69-b9d9881d19e5,38444538-c41b-4917-84e6-9ca377e28721,BEV-002
6a219a60-ca45-410e-8a2d-24a3cc717558,38444538-c41b-4917-84e6-9ca377e28721,BEV-001
947b9531-bb6d-43a3-9ee7-9735b7307280,38444538-c41b-4917-84e6-9ca377e28721,JAF-004
67127ed1-9712-4546-a0d8-55ef9b6f7f70,6f352917-ed87-4e63-9867-e6b9221f0b62,BEV-002
b5978c40-9e86-4fe2-8390-ed46c761d56e,70c93f2c-5f17-4c4d-9e4a-b9df276c4ab1,BEV-005
b026f029-8726-45ae-85ee-c697cfecfc98,6eed4b32-954c-4d58-85bd-a91a9f77e9f0,BEV-001
92460500-5be0-4a21-b262-85763f00db8b,62f81660-0616-4f73-9956-c6a31f10d4c4,BEV-003
b51c37af-e2dd-461b-80da-b3e1e815b4e5,b488d6fb-1b18-4324-a397-305339448083,BEV-002
7add6642-1f55-4a3e-8ef7-6e65586203bc,f6ee184a-54ef-4684-abae-299bf7d71100,BEV-001
11975dd2-8aee-4be5-95f5-902f69dce7f2,f6ee184a-54ef-4684-abae-299bf7d71100,BEV-002
104d734f-a0c0-4020-9354-1190c693f91e,58c253c3-806c-41e9-a4b3-667ef39a1ce6,BEV-002
30c40c70-86c9-4a4a-a852-5eced6d02d97,a36fcd7f-a21d-4bd9-88c3-67e3a4dc8d2a,BEV-005
e010dd62-061a-4e8e-b557-b75441d03747,9e6a1cac-21dc-4d1e-adb5-8638d1596d0b,BEV-001
28d0af2f-461b-4d97-a9a8-49037777f219,9e6a1cac-21dc-4d1e-adb5-8638d1596d0b,JAF-001
ed67f57d-8655-4009-a6e1-81a7bee329ee,9e6a1cac-21dc-4d1e-adb5-8638d1596d0b,JAF-002
2c50b9f0-a121-4c2d-a7cf-28cbcd760be0,9542029b-9506-479c-9b7c-2102b088f672,BEV-002
60675e23-ddfd-470b-958b-30b3d3b393f2,b792a333-1d99-4c1a-9208-ee4c24539ad5,BEV-005
fabaa68f-b203-4bc1-b714-0a39620d1622,e043d02c-a1bc-4313-8896-f905ba4e301b,JAF-005
7528d2cc-77c2-4d1c-8e6c-27610766d60b,85ef8730-0c7f-4756-8bf2-0dca343c3ad6,BEV-004
1f15d8a9-b207-483a-807d-546630a57d0f,471d1fd1-a237-44ad-8fba-26129fd0a4ed,BEV-005
1b14fa3f-cb9a-4e05-b4ea-208c16ab8c4a,428a4b29-5c0f-4f02-a80a-b58aa2cd6167,JAF-004
d8148499-1f22-4c25-bd43-f233fc7c30ea,428a4b29-5c0f-4f02-a80a-b58aa2cd6167,JAF-003
b3f62647-5e03-4b74-a5e7-a4726233ca87,428a4b29-5c0f-4f02-a80a-b58aa2cd6167,JAF-003
f7e284c4-9de8-4a4c-be29-77dc100e08f7,b16ef289-4d44-40e8-b0b0-396e6f2535c2,BEV-001
c514bd88-e69a-4df4-88fa-e001bfe4ebdc,76ef6ba4-11fb-4df9-991f-cd2b37cf804d,BEV-004
0f385866-f835-4504-b3d5-a0a9dc8709ae,aaf84eb1-e4a0-44d5-af76-c5e51c3674af,BEV-004
b837e258-0aa6-4659-9b4a-4805fc9a08df,b50de387-1959-4e3d-859a-d533bb8a28a1,BEV-004
a7629940-b962-4516-ab61-4b342001a491,b50de387-1959-4e3d-859a-d533bb8a28a1,BEV-003
02c36357-4f5d-4c21-832f-82501e6fed50,b50de387-1959-4e3d-859a-d533bb8a28a1,JAF-002
2da3860c-2ff3-4f26-836c-0521f2b5f31c,33086b55-ae75-41b3-a9c9-1c697e6ec797,BEV-003
0f3ea399-d685-4503-b789-e9fa89ad5e15,6d749907-069a-49a7-a144-2873b8484a3c,BEV-001
d59d23dd-10b3-4ce8-bb38-92be5fdc4b03,cc753d79-94d7-4ad9-9918-a85eeaf3fdea,BEV-001
ada77c05-15c3-4982-be70-faf4242ce125,1a43addd-a8c8-476d-aad9-61fe5baec1cc,BEV-002
64cb9340-4ae5-454c-bb15-0d1f2cd51a86,868d9652-b69d-48ef-99cd-bd5d22b60c3a,BEV-005
9cca6e86-8541-42e2-9893-4601f79ad424,c3c9b6c1-db00-44a4-aa74-7190dee6ac64,BEV-001
59718e6a-e1e1-436e-91d2-26d3d74ebd63,575a7415-8f8e-495a-953a-aa7ddbb9c9b6,BEV-005
1a0c59fe-962f-415f-91fd-334bab52d305,575a7415-8f8e-495a-953a-aa7ddbb9c9b6,BEV-003
0a817585-d402-440a-9dd2-f71ba5358c4a,163d347e-6ff1-4564-a756-3fe3b9b0cc2a,BEV-004
2bac6f14-30a9-4e32-a8de-516d00d37cdb,cf49a8cc-7c79-4a6e-bbe7-90215b35f9c3,BEV-002
d9e2c179-dfa4-4dd1-9136-16022251f6ec,83342e3b-68aa-4ce2-ba4f-978f9728a9e9,BEV-004
4f9b9dc4-8f89-456c-b872-9cb10329a788,5eba122f-78fc-4052-bcdd-cf062dbde09f,BEV-004
4ec0a53a-882a-4035-b347-a6db7872fb9b,be545342-feed-477a-918d-1f3bdb2fba6b,BEV-005
aeaf5b80-d736-4255-847c-4007f5c107c7,7fad367a-0341-439c-b7f8-222637731d33,JAF-003
e5ae6b0f-634d-4bd2-9d2f-3e996ceae254,1fd2d744-cb6c-4a60-8819-74865e10196a,BEV-005
c1482ed3-5e97-4139-966a-37354e07d196,47433140-47eb-4e68-baa8-2236172eff59,BEV-005
02fc1045-1e48-4122-9f4f-64db2b8af651,fcbe323f-5c63-44e9-ad6b-81394c796425,BEV-005
e39b0055-f3fc-4ac7-b706-911e9bfb84ca,3fe5dedb-f272-4410-8ac3-d8819dfdc64b,JAF-002
6c6a8bb8-f711-4485-9650-77b69c42d5f7,b64849d8-a3f5-4ffa-a644-058d9c6a51ad,BEV-001
d26731b6-c567-40a4-a957-5b14f9dca081,b64849d8-a3f5-4ffa-a644-058d9c6a51ad,BEV-003
f95e6cd0-dc5e-4599-bb85-0108faa83aea,b64849d8-a3f5-4ffa-a644-058d9c6a51ad,BEV-003
589e4014-4ec9-45c7-a5d4-0dbaf17b9db0,b64849d8-a3f5-4ffa-a644-058d9c6a51ad,JAF-003
b273986d-0754-4994-8f4b-1fb66afc9424,b64849d8-a3f5-4ffa-a644-058d9c6a51ad,JAF-001
3997df05-2de2-46a1-b302-bbfebc1fa313,b64849d8-a3f5-4ffa-a644-058d9c6a51ad,JAF-005
33fd0d97-7bb4-4b56-ab15-d7864f38fc3f,af963deb-0931-43e4-83ca-4cdf462ededa,JAF-002
b50ed8ce-aebb-430b-8588-cb8f5a2bce62,af963deb-0931-43e4-83ca-4cdf462ededa,JAF-003
b358afc5-fa43-4d87-bcc9-c1de7da6c638,e5cd4387-e93e-4062-a252-a397b56014db,BEV-002
f0beebdd-4641-483e-8a4e-7fe843005a73,9762cb9f-edd0-45c8-86c5-17d2bd754056,BEV-001
fd20179c-5c14-43ea-8df7-9d24821a4682,9762cb9f-edd0-45c8-86c5-17d2bd754056,BEV-002
3c461c2e-0a0d-4255-b61c-902864d79dcb,9762cb9f-edd0-45c8-86c5-17d2bd754056,BEV-004
e4f9922e-e61b-423e-8a3e-d49de9142961,9762cb9f-edd0-45c8-86c5-17d2bd754056,BEV-002
bb435cef-3d86-4af2-a91e-c8dfb7b831ba,9762cb9f-edd0-45c8-86c5-17d2bd754056,BEV-002
ea8ac718-1b27-41d7-8190-81bb314d4bbb,9762cb9f-edd0-45c8-86c5-17d2bd754056,JAF-005
af6ab3a1-0184-4f52-9c91-d43c1f5a2b95,9762cb9f-edd0-45c8-86c5-17d2bd754056,JAF-005
e8816973-72e4-4611-8e58-0cc618a6c8a0,9762cb9f-edd0-45c8-86c5-17d2bd754056,JAF-002
3bf54ec1-df3d-4abe-af56-36fe1d42779a,9762cb9f-edd0-45c8-86c5-17d2bd754056,JAF-002
28b8787f-90c8-4af0-8b4c-b7291458437e,9762cb9f-edd0-45c8-86c5-17d2bd754056,JAF-002
083a767d-23e3-43c4-b67d-8a74b65c64ce,4854c1f7-0c9c-46ba-9bd9-2d1122e9e4fc,BEV-003
a6c7d06f-e71f-4efb-8a9b-f89e0a9e4f53,4854c1f7-0c9c-46ba-9bd9-2d1122e9e4fc,JAF-002
050fd0ec-f148-4565-8e87-05e3fb44ab41,a4164dca-eeee-4308-9403-89dcb53f4b8f,BEV-002
801646ae-799f-4bd4-9547-dec77ee34e30,83021b7f-9c81-4371-8eb6-a5ed6863267d,BEV-004
161d9bb4-2d94-4bca-8e9d-7a1235a2c8ab,4dd86e70-54dd-4c8f-87a6-b84bd0ea6871,BEV-004
05550f18-3261-4426-87ba-8d610c13bfd6,4dd86e70-54dd-4c8f-87a6-b84bd0ea6871,JAF-003
893d1a8c-cf34-4790-bb55-00974c9dea28,4dd86e70-54dd-4c8f-87a6-b84bd0ea6871,JAF-003
92b95f1d-66d3-4e8b-b116-0214e9998fa3,4dd86e70-54dd-4c8f-87a6-b84bd0ea6871,JAF-005
42d280b2-ad7b-485e-8357-bb77a5f02731,ef1aa1da-86e7-4441-a20d-9c8969bfbbdc,BEV-004
c57f0643-4964-4bef-b405-2ea2249887d9,ef1aa1da-86e7-4441-a20d-9c8969bfbbdc,BEV-004
f4964146-35ba-46da-96e5-a6e05a80aefc,ef1aa1da-86e7-4441-a20d-9c8969bfbbdc,JAF-002
bff9b4b3-b688-4ef4-aff5-73a4f304397d,ef1aa1da-86e7-4441-a20d-9c8969bfbbdc,JAF-003
c61a6a76-93e8-4630-b73f-d50ec4aede1a,1f1c17ef-cb48-4db5-b5a6-810dcd229f75,BEV-002
bb64953f-a3cf-46ca-98f7-52a57b0b524d,1f1c17ef-cb48-4db5-b5a6-810dcd229f75,BEV-001
d51624eb-7dca-439d-8efd-05bcf2d15357,1f1c17ef-cb48-4db5-b5a6-810dcd229f75,JAF-001
14feb9f3-8fd8-4539-9031-6f96f68fe613,1f1c17ef-cb48-4db5-b5a6-810dcd229f75,JAF-001
15f47455-d722-48e5-b337-4ffeda5eb4b5,669f4ce9-0431-4bf3-b425-992b9ce09af1,BEV-004
1f15809a-7183-4fd8-90cf-97afd260f17c,669f4ce9-0431-4bf3-b425-992b9ce09af1,JAF-003
477ed7e3-fa90-4fb9-9c85-3db860a23065,533280bb-935d-4931-9469-cebf4f4305a5,BEV-002
ad19977c-8180-4f1a-84a0-4eca8a75b426,612313de-79f2-4e3c-9822-52254d757d06,BEV-001
2faec91b-ce98-4336-a90e-538c9b2624d7,612313de-79f2-4e3c-9822-52254d757d06,BEV-002
48500215-4767-4f4f-9506-0b4e59bb483a,612313de-79f2-4e3c-9822-52254d757d06,JAF-002
1e089e2a-b208-456e-90cf-2bbaecc98826,612313de-79f2-4e3c-9822-52254d757d06,JAF-003
1a67c994-c2bc-4d12-866b-658eaf85fed4,9d98c7bb-ef5f-4a40-807d-1b96dcb5003d,BEV-002
01319f7b-9a9d-457b-93a8-9397db181c3e,9d98c7bb-ef5f-4a40-807d-1b96dcb5003d,BEV-004
07fe4779-1ee6-4479-8946-a601fb25d094,9d98c7bb-ef5f-4a40-807d-1b96dcb5003d,JAF-004
8303e682-0157-4075-a3b5-139d0cf54a2e,9d98c7bb-ef5f-4a40-807d-1b96dcb5003d,JAF-002
e6a51f0d-540f-430d-b6e4-f120457839da,9d98c7bb-ef5f-4a40-807d-1b96dcb5003d,JAF-001
1a367608-e564-43a7-8c18-f02adb7f8a20,1e4ce897-e828-45e6-9ca7-348f810f3c4c,BEV-001
9dc3ddb0-13ee-46d2-ba50-6d8d2268ddc9,1e4ce897-e828-45e6-9ca7-348f810f3c4c,BEV-004
8ea247d2-55ee-4488-b194-8c2ee2de7d57,1e4ce897-e828-45e6-9ca7-348f810f3c4c,BEV-003
8af9940e-ec93-4a3a-a664-776b3e206023,1e4ce897-e828-45e6-9ca7-348f810f3c4c,JAF-001
0b71d3cf-6095-49cc-919c-23d53bc04225,1e4ce897-e828-45e6-9ca7-348f810f3c4c,JAF-004
91d330ed-ff26-4daa-96ac-ef891cdd85aa,1e4ce897-e828-45e6-9ca7-348f810f3c4c,JAF-001
0036fd13-47d3-4e4f-a1f1-697d391a77fe,3b73844c-0b39-4025-aa3a-1f828ad85a41,BEV-002
6daf849a-22d9-4b9b-83ab-3efb05c16fa7,3b73844c-0b39-4025-aa3a-1f828ad85a41,BEV-003
ab88ee86-e86d-4948-b8d7-8ea4e7c1e38b,3b73844c-0b39-4025-aa3a-1f828ad85a41,BEV-002
27d65227-9cbb-47c1-bbd8-2fb5e5c018a2,3b73844c-0b39-4025-aa3a-1f828ad85a41,JAF-002
efba2a74-5947-49d2-9e52-aa9744f8d28e,3b73844c-0b39-4025-aa3a-1f828ad85a41,JAF-002
43c13050-fea5-4cfa-adf6-7086c7645732,3b73844c-0b39-4025-aa3a-1f828ad85a41,JAF-003
650a84e4-fa06-43c2-9620-ad4d1918ffa6,64d5d34c-7409-4ba2-84cc-06448e3988c8,BEV-001
b44dc7a2-6f45-4c2e-ad5b-bd62627aa34a,dfdb355b-9f27-4a67-89d5-39e7c1a2e632,BEV-004
8d6031de-7cf0-42ed-9b57-925a3e4d477a,dfdb355b-9f27-4a67-89d5-39e7c1a2e632,BEV-002
bf64198f-0b0d-43d3-9b7f-eecdd82676e2,dfdb355b-9f27-4a67-89d5-39e7c1a2e632,BEV-002
388d5f22-c7ae-486e-b9c6-b331a50e90d3,dfdb355b-9f27-4a67-89d5-39e7c1a2e632,BEV-004
b73ae117-68c7-46e0-875d-613bc5d209b7,dfdb355b-9f27-4a67-89d5-39e7c1a2e632,BEV-005
63fc0dad-6d50-495a-b53d-68ae60874385,dfdb355b-9f27-4a67-89d5-39e7c1a2e632,JAF-005
b23b6e51-5dec-4998-92f6-d99394d99c56,dfdb355b-9f27-4a67-89d5-39e7c1a2e632,JAF-002
1dea0788-66b7-4f94-b20a-b48a64d100f8,dfdb355b-9f27-4a67-89d5-39e7c1a2e632,JAF-001
dead9819-c4f2-4986-bedc-e3f19a67b6db,dfdb355b-9f27-4a67-89d5-39e7c1a2e632,JAF-002
4b02c8d2-0807-4d31-b947-51d3903c4eb6,dfdb355b-9f27-4a67-89d5-39e7c1a2e632,JAF-004
a09607ea-1341-465a-a1d9-4cf7a238c44f,25fbf556-8ddd-427d-a110-0ec5e97895dc,BEV-003
c9da2cf3-238b-4d90-9eab-f5b6a46630b7,25fbf556-8ddd-427d-a110-0ec5e97895dc,BEV-005
4e329d45-a07c-48ae-8171-75344c17462b,25fbf556-8ddd-427d-a110-0ec5e97895dc,JAF-001
3388675a-671f-4fcd-897e-815b7f66cd83,25fbf556-8ddd-427d-a110-0ec5e97895dc,JAF-003
b51761a0-47be-4d63-a03e-f11dd6c4dc4a,087b416d-ce2c-4bca-9b96-99faf78fd493,BEV-003
5d7c287a-d7a8-4394-9b95-d16015eb8588,3065c789-dc48-4b82-809b-c82df535373d,JAF-001
022f712e-1b03-425f-96d0-f22cc4e84398,3065c789-dc48-4b82-809b-c82df535373d,JAF-005
b75ab798-abe4-47d3-9d32-48f0d45c9367,f490b489-5bd1-44fb-ac43-bb26b16cefa9,BEV-002
29dad87a-f5ae-4e02-95bb-fb99e1467d61,2ccd9959-0372-4273-a5d1-f05a2c04d2e3,BEV-003
c6402a34-d7b3-4bb6-b534-90a534f5e92d,2ccd9959-0372-4273-a5d1-f05a2c04d2e3,BEV-005
0a1eb67a-f1a7-4da0-8af7-3426c6019650,2ccd9959-0372-4273-a5d1-f05a2c04d2e3,BEV-005
67ecec1d-9f01-40ae-92e7-6668f69c200f,2ccd9959-0372-4273-a5d1-f05a2c04d2e3,BEV-003
991e308f-6b39-42fa-b250-f1ae28b275ba,2ccd9959-0372-4273-a5d1-f05a2c04d2e3,BEV-004
c36749c3-e144-491b-a948-dcf43df7d4c2,2ccd9959-0372-4273-a5d1-f05a2c04d2e3,JAF-004
61b74e29-b220-4148-aee0-4b6028194545,2ccd9959-0372-4273-a5d1-f05a2c04d2e3,JAF-001
07bdceb9-c10e-43af-8956-4f0df433dc15,2ccd9959-0372-4273-a5d1-f05a2c04d2e3,JAF-004
2c0175d7-64e5-4678-8ba0-ecf64fa6e567,2ccd9959-0372-4273-a5d1-f05a2c04d2e3,JAF-004
5b23e9a5-7112-47aa-bbb5-97b55925d473,2ccd9959-0372-4273-a5d1-f05a2c04d2e3,JAF-003
26545405-0896-4102-b3bf-9e80d2592095,1548f20c-42b7-4a15-ad30-0474456353b3,BEV-004
cca2e429-a584-41df-a673-19ac02b59974,1548f20c-42b7-4a15-ad30-0474456353b3,BEV-001
0c798a17-68c6-489e-a8d0-138857433579,1548f20c-42b7-4a15-ad30-0474456353b3,BEV-005
93ee9828-64bd-4bd3-9b3b-c831230bd0f9,1548f20c-42b7-4a15-ad30-0474456353b3,JAF-004
9bebf2fd-3a3d-4eab-af34-4abf5e2c20d8,1548f20c-42b7-4a15-ad30-0474456353b3,JAF-004
ca788c8f-171d-454a-a1e7-1e59ef30f94c,1548f20c-42b7-4a15-ad30-0474456353b3,JAF-005
1fba1a7a-f856-4c17-a052-2c4e21bc2f2c,8d9e41d7-b44e-446f-a543-c43961269da6,BEV-002
4a813f5a-e120-482e-b845-834a82100303,8d9e41d7-b44e-446f-a543-c43961269da6,BEV-004
40702f33-39f8-492b-9985-9e30dc6fae9b,8d9e41d7-b44e-446f-a543-c43961269da6,JAF-002
bcfb3a88-d1d0-41c4-bc91-89d0fa49e549,8d9e41d7-b44e-446f-a543-c43961269da6,JAF-003
5fe264bc-ab50-4998-b428-716d9b86550f,83ce5318-57ad-4299-babb-e77873ff4230,BEV-005
24ba39f4-b966-4412-b954-0de29b46ca8c,83ce5318-57ad-4299-babb-e77873ff4230,BEV-003
c5ed6c6b-713c-4e28-8973-52e1006bd0d9,83ce5318-57ad-4299-babb-e77873ff4230,JAF-003
057e507a-37a2-41ec-8c31-b6b362c1eebf,83ce5318-57ad-4299-babb-e77873ff4230,JAF-002
2d1ae935-c47c-45e3-8998-8add8c619e53,9d2e58f9-b4f3-4853-8013-1b5e3897881b,BEV-002
61a336ba-847d-4798-a1de-91b6152fc2be,9d2e58f9-b4f3-4853-8013-1b5e3897881b,JAF-004
b6e2e258-746e-4f1f-bed1-a6294543500b,5ae5cf46-a07c-4a00-8185-73af832cca18,BEV-005
ecd01025-0473-41a0-82fd-04306d5f6e02,5ae5cf46-a07c-4a00-8185-73af832cca18,JAF-001
4a8e4093-d3a0-41d1-9e0e-15c5c0e3d0ab,85baa69e-14a2-4590-91ae-763689a65b46,BEV-005
302c888a-4069-469a-8241-a275980e464c,85baa69e-14a2-4590-91ae-763689a65b46,BEV-003
a64ba9c1-71ad-4a59-99ad-4550509a1213,85baa69e-14a2-4590-91ae-763689a65b46,JAF-003
7a9e626f-184e-4a11-b3d0-e2a6defc928f,85baa69e-14a2-4590-91ae-763689a65b46,JAF-002
b0be4065-513e-4ab4-acd9-d237193b0567,07a9861e-1513-4e00-9d70-4cdc4979c1a8,BEV-004
90abc5cd-f467-4fc6-a8c5-3775d37995a8,7afac294-ae9d-47de-85e8-f100c2381c42,BEV-002
eaf0844a-5886-42e1-98fb-aebefc6eecd1,9d96886f-3ad9-494b-b32e-f70dec9e61c7,BEV-004
286ea3ff-e1db-4e26-80bf-344a2370d900,9d96886f-3ad9-494b-b32e-f70dec9e61c7,JAF-003
25439bd4-494b-4e6b-b9ec-5483b3496c47,7df4d3ca-c19d-4b14-be27-28de3263f2ea,BEV-004
b76c6b9a-8b67-4bdc-88a4-45bd7e5474f6,7df4d3ca-c19d-4b14-be27-28de3263f2ea,BEV-004
8c53241f-35b2-418d-8f9f-e278288768ac,7df4d3ca-c19d-4b14-be27-28de3263f2ea,JAF-003
67f3de1d-1a2d-43a9-97da-82bb9184d5bc,7df4d3ca-c19d-4b14-be27-28de3263f2ea,JAF-003
b7c621ab-3c6a-4a78-a455-209e84a0847f,7df4d3ca-c19d-4b14-be27-28de3263f2ea,JAF-003
3f443de6-a496-48c5-a54e-5e74043fe830,a246b518-f8a3-44e3-a21b-3941c2704f83,BEV-005
3b712267-a881-48c0-915f-02aee2058e7e,4900d01a-0c6d-445a-b930-e31aba99df65,BEV-003
c6870921-77b6-4f2c-9fc7-013585ddce32,bfdb2561-99b8-4d61-b6aa-05e91db0b819,BEV-004
37dca337-fed4-42d2-8698-fdb65f1d79d3,525e004a-c1ed-4179-ab25-7e2de1c691e4,BEV-003
7f4edbed-9557-4398-b0db-a7674e3b99d9,525e004a-c1ed-4179-ab25-7e2de1c691e4,BEV-003
c3f0c4c1-3003-4bfd-a3f2-114ee7edb635,b2d12943-3f9b-4775-a4d6-3a6ea073072a,BEV-001
89eed0d7-f2fe-4039-a4e6-e8ce66486592,bbbf9038-23d8-49a4-a220-b1b8a5dc6b86,BEV-003
6e537714-7eaa-4cc3-90b1-1c34a5519807,15f63507-68cf-4923-a300-1bf4fa0ab7c9,BEV-002
6386976c-ceaf-4f30-b792-75928146421e,b27ea7b2-d616-4fa7-868c-9a764bb1ecda,BEV-001
374b4009-dd2b-470f-9588-8e9b9ece46b7,b27ea7b2-d616-4fa7-868c-9a764bb1ecda,JAF-001
617b61a0-3b5f-45e4-8996-cca11fbf201f,e271dca3-4c07-4ff5-88b1-a3f41346f1b8,BEV-003
bdc6a33d-0d7f-41a2-b2c3-e2708b971209,a94ba664-df0f-4b45-b945-5be4cad4e329,BEV-005
fe71c444-22ea-4fe0-94b0-8237a2d695e4,d2e481c1-975a-4508-a29b-ac2ea24f29b8,BEV-004
3391b6cb-80c3-418b-adeb-ddc8b7476576,d67cde9e-35e2-4848-ba8c-6ae6d41fa640,BEV-003
ca5043a4-467b-4947-a9fa-4150b47c3c56,e12b5d35-9327-4394-b184-971c59613340,BEV-001
103c1099-8706-4736-9b5f-ed7cc4d4a4f4,28de97ae-810d-4b31-b078-ef11dffe4893,BEV-003
fd6672fe-0356-480c-8677-b1886c836b64,28de97ae-810d-4b31-b078-ef11dffe4893,JAF-005
7bc9269b-075d-492a-b6c7-0cf6f4a4a49d,6a21c502-3af1-4782-b480-f7d5d420046d,BEV-001
83c2f439-d4da-4c3a-93fc-8243745f35c3,c201c172-c540-47a4-a000-1e09f92ed87b,BEV-001
dc04635c-e095-430d-97a2-f54b1e14161c,c98170f7-70d1-4b65-b655-59973ad7c314,BEV-005
84e31931-9008-4adf-8815-6126d24207b0,3a8a200c-108d-4a63-9ac8-d86faf042e7b,BEV-005
3ed20cba-1f1c-40a8-b5b7-0b2046b41a2a,ee36bdea-d770-4dcd-afb6-a178f35ef38c,BEV-002
3b0025ca-325b-4868-982e-622c54d1ec7d,8fb55b52-80be-4975-ad0d-dffa5388de63,BEV-002
8417d2bc-e91e-4f34-9a87-f2247a1983a1,7a862dc4-ae3d-41dd-a8d3-e00a7e2659bc,BEV-001
149039ab-ac62-4516-8d8d-3937dedcc4d5,86a7c1a3-f3b0-44ba-8408-3b92fefb81b3,BEV-003
b7a399c8-c22a-481c-ae3b-ead193061d6c,55c58778-a7c6-4a70-bcc0-19b6f0c91c57,BEV-003
13be9bd9-477c-419b-a5e8-ebd14dadce93,8463e460-f861-4dd2-8e21-5015bde64c1c,BEV-004
8b4f1018-0ba9-4a59-bb57-f9f0fb3104a4,d7e73c45-1364-4c8f-9e01-1d4281ebeae8,BEV-001
10631245-5ef1-4887-8bfc-64ca73528e8e,d7e73c45-1364-4c8f-9e01-1d4281ebeae8,BEV-002
da9ba35a-4d12-4bdc-88f2-d358f05dde16,55ad3343-7fb2-4971-a4a7-7cf82541a0bc,BEV-005
4826f79f-756f-45d2-a960-0115d92fa2a3,2a384ec5-456e-4eb0-831f-361318a29761,BEV-001
0c4a93a7-6370-4dd3-8abc-8f98e6ecc124,3637af20-f8ec-43a8-9334-505cafd5468f,BEV-005
05c57936-1683-475b-8ba3-025e6a4cd9b4,3637af20-f8ec-43a8-9334-505cafd5468f,JAF-005
69505d83-84c4-469b-b40d-090561743cf0,40a0901e-0208-455a-9ab4-f81d50d910aa,BEV-003
4b66c92e-f23f-4000-8844-596cdb8f6b76,5a8890a5-10c1-4047-8b26-e47f3226a8a3,BEV-001
32c96b64-fa06-458b-87b4-a2ac707d4bc5,5a8890a5-10c1-4047-8b26-e47f3226a8a3,JAF-002
1edb142a-b96e-4bb0-b965-e4aff0d754c4,ea5913fd-950a-4f99-8f97-de55c3ed1e64,BEV-005
7c366d49-f3c0-44fb-890b-eea72f5d2fd7,ffe1c310-1ee4-425a-8448-7a08aab46f7f,BEV-001
85cd5220-8126-45ce-8776-942dae9ea8cb,1638fcf8-dfe2-4129-8b86-6b7578a0e027,BEV-001
ef29a6e3-ce2f-44c2-944e-644781e3517a,14875e77-2b36-43a6-b70f-5478704e878b,BEV-001
aec7149b-b323-4f3f-bff4-09bf87099dfe,fc20c7ad-1806-4581-b0ae-f72721bc40f9,BEV-005
e3bd72f9-64a7-461b-8e8a-8c979c05fca9,a24ceef4-8375-4c2e-beb4-db4e770211fa,BEV-004
6d99bce7-5fc5-476a-8800-7aa48b4591b1,a24ceef4-8375-4c2e-beb4-db4e770211fa,BEV-004
aef6c8ba-6ecf-4c4c-9a4b-5ed34e0c6e98,a24ceef4-8375-4c2e-beb4-db4e770211fa,BEV-002
dfe1889e-4a25-46f7-9559-179bfcd17b57,a24ceef4-8375-4c2e-beb4-db4e770211fa,JAF-004
8ee99146-7e1d-4ece-be32-8a0aa0c665dd,b35ead1a-948f-47a0-aae3-90f9081dad3a,BEV-005
37c985d4-6962-4d6d-809d-62807b1ba23b,adf29c54-883f-4f7f-ae94-43e36d171759,BEV-002
9e1c8017-12ee-4ebc-8708-3669290514d5,adf29c54-883f-4f7f-ae94-43e36d171759,BEV-004
b672e395-6771-4504-b3b9-e05a065d74d6,adf29c54-883f-4f7f-ae94-43e36d171759,JAF-005
1d07ffe2-113c-4911-81d2-b3e213719921,1b669c04-f03c-4b9c-9c63-77047ad16205,BEV-004
1851a983-291a-4799-8510-7539c4d738e1,47b91a6a-ff09-4888-ba52-1193e098a02e,BEV-003
3561222e-11bd-4097-a7d5-65c9842d7a20,fb288d88-1427-4fae-b6c2-2ee1119dc8e6,BEV-002
576aa49e-e5cc-4155-ac5d-b978da562b15,fb288d88-1427-4fae-b6c2-2ee1119dc8e6,JAF-002
7f7e5625-6715-4e14-8f68-fdd83fc6c56c,47dade0d-0145-4e09-9b71-e8fae0056500,BEV-004
e3690bc0-08f5-45bb-b762-fe2027da0847,bb063459-06d3-43dd-9e55-1ddcb2f57019,BEV-002
55a94baa-9c69-4f4b-9a25-0eabf04abc68,bb063459-06d3-43dd-9e55-1ddcb2f57019,BEV-005
2e060399-25ff-473d-8b30-7f9873ff6a91,e9e68d6b-5213-4f95-8a66-153bdcf74625,BEV-002
302b4f9d-67e8-4522-8816-28bd2e154a78,5a12945d-196a-498e-ba04-3c8057962ab4,BEV-003
5b72b82a-c16b-4e6f-b718-006f0e98ee75,45053779-a3ce-43d3-875a-545b87262703,BEV-004
9bc18cf9-3ef3-4ef2-91c0-bbcf96762b8c,1ceb26d2-dcd7-4fbb-bb76-68c9f52e22d7,BEV-002
2bdf0fc3-f32f-46d3-9817-208305f445b7,a6a5484e-4174-4206-b432-3a2c6ee3a7c9,BEV-001
4dd125e1-1cfe-45d2-a524-5729d9e18e10,c3e3701c-be72-494c-a780-a0a17b12f777,BEV-003
a04e7e6f-3a0e-4856-a9a7-8774afc6b3f4,1f7f4a5a-74d6-4684-87bc-f62d89a43d55,BEV-001
5293fbfb-13f9-4fa0-834c-d7b6925e1513,1a56fd46-92de-4799-988a-2eea7d6552d2,BEV-002
83742a01-212c-43c2-8ca7-52ae8567146a,226ffec3-2344-42aa-a20a-350666f4660e,BEV-001
8bc53b60-af39-4de0-b125-5dc2159ce6be,8fe30ab1-25ce-49e2-ae34-a88533fff630,BEV-001
4843ecd5-a73d-4949-a977-e4e65f0a86b1,060d9119-e3b5-405b-983c-e2e0f094eead,BEV-003
3409dc2c-fee3-4033-ad28-2d4edb0fc532,d2451eec-ec41-4716-8d6c-6c99fc8ce939,BEV-003
dbd7aa83-a319-4ccf-a203-12d6412a3421,5ce4c0f6-1fc2-483e-98b0-28aa290d7551,BEV-001
d439b8a4-128e-4e00-830d-c66e9c994c28,2e6997a8-8f36-4bff-a145-a7892d1d12aa,JAF-005
4085726a-c743-4410-b6be-183c54436170,2e6997a8-8f36-4bff-a145-a7892d1d12aa,JAF-001
ddbe38c3-73a1-4a51-8540-5b55efe31c62,ff4e9749-67db-46ed-8cce-79759f850973,BEV-001
2c390c5e-e406-4d97-9059-99da7b07d6a4,72d6ce7b-5853-4942-9cb8-646bc4c22696,BEV-002
34920186-7df8-48de-854b-32e83815f5bd,72d6ce7b-5853-4942-9cb8-646bc4c22696,JAF-001
8775d436-0a91-4f58-889b-97bf3180c146,340eea14-4f69-447e-8515-54249ef93b91,BEV-003
c9767c7a-a522-4a81-9024-3678c2e9f81c,0053870d-30e0-4b8b-b9c8-8666dc481912,BEV-001
85a63291-d6a7-4682-ae97-f2013dd0ddb6,0053870d-30e0-4b8b-b9c8-8666dc481912,BEV-001
211de532-4b1e-4308-8e3a-0b0dceddde2f,0053870d-30e0-4b8b-b9c8-8666dc481912,JAF-004
57fd5e75-3428-48a3-a9d5-4fe07c053550,0053870d-30e0-4b8b-b9c8-8666dc481912,JAF-004
e6df952d-b2f8-4f0c-9fe7-858624c45702,cb841e80-7b48-49e5-8631-8c4eb57a4a47,BEV-002
9cd2e252-9267-4c74-8776-8f6174aedeb6,6ce53694-439f-48b3-aaaa-37418be9ae35,BEV-003
e296bcbb-c462-4213-8956-ba97d63ec2ae,6ce53694-439f-48b3-aaaa-37418be9ae35,BEV-003
9b591945-876e-46af-aa27-dadaeacb4d81,db44e03e-2c4a-4b41-8255-ae8522c3b164,BEV-005
63cf2280-b459-42af-950d-6009c3a57683,9a2a58ed-02e4-48d0-b182-60d6aef67a0a,BEV-001
40d5dc9f-86c4-4bc1-ad96-5f82cbf44a4a,1124b4df-1f1d-4c3e-b54a-86d2ff039c7c,BEV-004
30c2d12c-9afd-44d6-a818-d93c5e481790,15d9923d-f0be-4eb3-a3a6-302174b7c8ab,BEV-002
285e45bc-4089-4191-b849-8cbc0a4c6130,4ceddd3b-e6b7-4bce-9734-2c53d9920681,BEV-004
056d9c80-22cd-484a-8c3c-d6a7bd709e0d,8bc8dafd-cfc7-4d0d-83f3-c732e5b068b1,BEV-002
22a4cb3e-dd2b-4e82-ae28-e90c9d5dde62,906e35ca-f737-4ffa-958d-10b8df0ca381,BEV-003
07c4f909-648a-4783-9d21-b2b4e23c5b7b,15011640-1a1e-4e31-b63d-d7c1bcd720e1,BEV-001
1a14a7b6-cf31-4910-9982-a62949821261,5a0b4fd9-2895-46ef-8caa-35dc6aa7d634,BEV-003
5b656e59-c8ec-4c7f-876a-33b7c035411e,44266b89-680d-40fe-88d2-5fa16600451a,BEV-004
ada1c09b-3a64-4924-8523-25d08135464f,63d6e573-66e5-4cef-a71c-eb8c747e5272,BEV-002
b28dbde7-a26e-4680-9a89-1326231703e1,f22d43b4-bf88-48ae-8acd-c1051795b2eb,BEV-005
7b7056d5-6aff-41d7-9766-9e3bdc497d57,0f1ef1f2-602c-4081-a8e9-9143841d6034,BEV-005
c3521d1b-5bd3-4d85-bc05-211fde4ace19,f88cf24c-53c5-4fcc-90c5-4f9315e68de4,BEV-003
8cb674d4-9c95-4ed3-8cd6-396a4f4ead7b,414fbde7-d09e-4543-9f88-5d39c005ba70,BEV-004
f7f211d7-48c0-4cbf-aca4-b04c8ba91408,859afd36-4be5-4432-a959-f5a4cd2ebdc1,BEV-002
6eb0f3d1-d087-474f-8714-9c841901d94b,8cd921a4-26ec-49d7-84ae-7e9eae2103c6,BEV-003
a34c4d41-f43e-47d2-95aa-7f9879422235,6fbccde0-d18b-4cc5-801e-5b01b7655fec,BEV-004
6cda9ef7-24c3-471b-bbb1-580c5ca6c96f,444cfb49-e75a-4519-88f2-2c13c28ac4dd,BEV-003
8ce24b6d-625d-433d-93c1-7614a93e3cca,23558d46-b418-4cbe-b4b8-53b1aea6072e,BEV-001
a1b6fcea-1caf-49ff-ba0e-3c80523bc38c,916e5b91-10ff-4db9-8a52-43678a7ca1ca,BEV-005
b61ccdb5-a90d-4822-8c90-2ca2602140bb,aa07533c-264f-4e3d-a73d-f4e7314a34fc,BEV-002
5d51ad84-1c88-4071-a6e5-76113037ceb8,7efe7b46-6df4-44f4-a74c-a5e4a0b1e9a9,BEV-005
e6253089-9a04-43ba-89e6-8faaf9127097,1658b5fc-9b9c-4c7f-84be-90e340c07ef1,BEV-004
9e42cc6e-d741-4c20-a414-27a8cf5b68ef,9ae5a307-430c-4f91-ad73-f8d2afb56d4c,BEV-001
c1271011-3f33-4959-bef9-93b546b9cb60,f34c5630-6a78-4080-90e2-16e2b6799b8b,BEV-005
534b5838-962a-4da8-b357-1f18a24582cc,ad3da649-8c64-4c2a-9deb-94c97880af4c,BEV-004
796e8bcc-a5f2-43d7-bd18-2ee94f30446b,a3d65e56-56a7-4ecb-b5f1-5b6fd318a3b8,BEV-004
92682fc5-3e92-4d4b-a2f1-547274664ac9,10d4ad3e-e1cf-45b1-97da-339516538c4d,BEV-001
da3e0091-56d1-4c2f-9bea-e17f458050ff,da300f2c-b393-44d7-b12a-d1b8ad9e6be6,BEV-003
fb63ce6f-561a-4726-988c-05ed711540b4,978fd08f-734a-4b56-9d82-2a4bed1b4907,BEV-002
905e6eb8-c92b-44c4-99a9-e1c469c25b68,df21bee1-ada0-4d90-9fc6-7f14c86fcb2b,BEV-004
0d14af06-0bef-43c7-93a1-211bc2b53d3c,6540f856-9edf-467c-bb26-7ee23b78d871,BEV-003
08f477bb-b42a-4f6e-858a-17b187606bb4,7209916a-8d4b-4445-93a9-cb9f1596ccfd,BEV-003
c820f302-db1b-409c-830a-eb5817f1658b,a5cd5862-e711-4aec-a530-4833e89da193,BEV-005
30625a95-f211-48ec-af9e-10958d62e0e7,279f9092-ef94-4217-8f92-936e21fb10c4,BEV-001
