id,customer,ordered_at,store_id,subtotal,tax_paid,order_total
80bddaa0-6e32-490c-9eec-558769a632f1,a09b0afd-92ed-4bc0-b152-babe85c60495,2018-09-01T08:58:00,9a428c06-5ea8-4124-9078-46bc3a96f4aa,5700,342,6042
eeb7cd6c-4faa-4d96-98b9-496a05cf50a8,f8984986-649b-4a62-bce3-7c70e2438f7a,2018-09-01T09:47:00,9a428c06-5ea8-4124-9078-46bc3a96f4aa,7100,426,7526
607aaf7b-2ce7-42f3-a61f-2939c7525991,fb9d419f-ce49-4c2c-8c3d-914fde878e9a,2018-09-01T10:02:00,9a428c06-5ea8-4124-9078-46bc3a96f4aa,1700,102,1802
239c613e-0998-46bf-acea-2f094b2e8229,ee235eb0-8ecf-49fd-bf6b-29cd064ac42b,2018-09-01T10:39:00,9a428c06-5ea8-4124-9078-46bc3a96f4aa,3600,216,3816
5b5815b4-dd89-49ab-9396-477b57b360d6,87ce2058-27a2-46d9-9cf8-5b4ffdda3722,2018-09-01T10:55:00,9a428c06-5ea8-4124-9078-46bc3a96f4aa,3500,210,3710
4fe7e955-f584-4a25-af61-8eb5cc43987b,0126aed0-d595-4a76-a4cc-d3daadca2460,2018-09-01T11:18:00,9a428c06-5ea8-4124-9078-46bc3a96f4aa,400,24,424
87aa8559-1485-4892-8e9e-2d68d82c24c0,936d32d3-0fd0-496e-ac8c-8ca2b5acbd24,2018-09-01T12:09:00,9a428c06-5ea8-4124-9078-46bc3a96f4aa,2400,144,2544
92ff68b3-70ac-4d22-af69-47ba857e2346,76b88c85-09d9-4d32-81be-2161010c17a3,2018-09-01T12:20:00,9a428c06-5ea8-4124-9078-46bc3a96f4aa,5100,306,5406
c1ca98f9-4e14-46fa-941d-25219aacf27b,9d043e06-a1f2-47b0-8e99-d7bfc124a9f3,2018-09-01T12:31:00,9a428c06-5ea8-4124-9078-46bc3a96f4aa,8800,527,9327
6cdca39a-a192-4a5d-bc0b-bad036301ec4,42aed4c4-d923-4972-b987-c4dc2224e920,2018-09-01T12:48:00,9a428c06-5ea8-4124-9078-46bc3a96f4aa,2900,174,3074
0ca127a2-8c11-4f50-85c9-3d8574b9db4e,2898bfc7-9006-4bfc-9f8b-c21103a204ee,2018-09-01T13:01:00,9a428c06-5ea8-4124-9078-46bc3a96f4aa,9100,546,9646
45fafc9d-bcc5-476d-befe-2ae9da52349c,58c88fbf-92b9-4307-972f-26ddd1168f69,2018-09-01T13:17:00,9a428c06-5ea8-4124-9078-46bc3a96f4aa,3000,179,3179
1dc2e3ce-f12d-432c-b277-4e3c236b9fd1,4b7345c0-9852-4f52-b988-d7e52d17b4bd,2018-09-01T13:42:00,9a428c06-5ea8-4124-9078-46bc3a96f4aa,3500,210,3710
bc4ecf62-1001-4755-a22a-3134ba8714e1,b6ac3466-fb6a-4929-b136-129eebf54a0e,2018-09-01T13:47:00,9a428c06-5ea8-4124-9078-46bc3a96f4aa,600,36,636
3ce10fe8-9c31-4582-a71e-08d7022c6852,f45ea61a-aba7-4ace-b5e3-98568c00d288,2018-09-01T14:10:00,9a428c06-5ea8-4124-9078-46bc3a96f4aa,600,36,636
ce4f0016-2e55-4a60-a7c4-6ba8c30ed9ac,de388a00-d427-4ced-91e5-6db9f1cd007b,2018-09-01T14:42:00,9a428c06-5ea8-4124-9078-46bc3a96f4aa,1400,84,1484
1eafe343-8c8d-4e59-bde6-239512a5ccea,64846b71-6886-41cf-920e-5172b2f5433c,2018-09-01T14:59:00,9a428c06-5ea8-4124-9078-46bc3a96f4aa,600,36,636
d139d521-8468-4054-84ad-90c53b4fae88,767426a2-091c-4a34-9ef1-8a235c4da34d,2018-09-02T08:16:00,9a428c06-5ea8-4124-9078-46bc3a96f4aa,1800,108,1908
bdbd4af7-c66f-416e-b45d-a900f81915ab,0fda7ee1-bbfc-4e58-8ce8-86b7c0979115,2018-09-02T08:45:00,9a428c06-5ea8-4124-9078-46bc3a96f4aa,600,36,636
6a9ee0c4-6be6-4263-98f7-902561879ebd,f4ec60f1-a12b-453f-a8de-b572f03ac9b8,2018-09-02T08:58:00,9a428c06-5ea8-4124-9078-46bc3a96f4aa,700,42,742
39087c1f-2171-4b4c-89d9-c74c6b11e485,02088bd8-eb6c-46b7-89c4-dc504a750d6f,2018-09-02T09:59:00,9a428c06-5ea8-4124-9078-46bc3a96f4aa,1400,84,1484
056c0125-ec74-4489-bfb6-f3e2314d2939,c3872ebd-26df-444f-b533-ed80d0381a85,2018-09-02T10:05:00,9a428c06-5ea8-4124-9078-46bc3a96f4aa,1800,108,1908
f7bab272-dc82-42eb-90a8-cb6fecc1ad67,badf0303-0d19-47af-a578-b33accb02c0c,2018-09-02T10:47:00,9a428c06-5ea8-4124-9078-46bc3a96f4aa,600,36,636
7dc7f9c1-90a6-488a-9b7f-7543ec384cfc,fb9d419f-ce49-4c2c-8c3d-914fde878e9a,2018-09-02T10:58:00,9a428c06-5ea8-4124-9078-46bc3a96f4aa,2100,126,2226
b60c7ee7-3edf-43f2-9e97-a1217f94a069,58c88fbf-92b9-4307-972f-26ddd1168f69,2018-09-02T11:07:00,9a428c06-5ea8-4124-9078-46bc3a96f4aa,3500,210,3710
c0dfd327-b0bb-4fa1-b1fc-52d4807e4b8d,42aed4c4-d923-4972-b987-c4dc2224e920,2018-09-02T11:15:00,9a428c06-5ea8-4124-9078-46bc3a96f4aa,3500,210,3710
8d8f1345-a9e0-45a8-9790-86afed4d811c,f8984986-649b-4a62-bce3-7c70e2438f7a,2018-09-02T11:58:00,9a428c06-5ea8-4124-9078-46bc3a96f4aa,6900,413,7313
c33ed9d6-ba05-42b1-baa4-f2b42635dabf,7b1cc8b0-a30c-4314-a923-aa7ba0fbbfec,2018-09-02T12:11:00,9a428c06-5ea8-4124-9078-46bc3a96f4aa,1100,65,1165
1adee017-2116-43f4-952c-c188aff86cf0,cbee55ad-8f9d-4c1e-a965-cd5920ab10e6,2018-09-02T12:43:00,9a428c06-5ea8-4124-9078-46bc3a96f4aa,500,30,530
a3cda2b9-5249-4fe0-8c68-0122533433f7,87ce2058-27a2-46d9-9cf8-5b4ffdda3722,2018-09-02T13:17:00,9a428c06-5ea8-4124-9078-46bc3a96f4aa,3400,204,3604
0ee5b137-9903-45a2-bcc1-9e4fdb744dca,7f8d376c-4e48-47b3-ad56-80145e3fdfbb,2018-09-02T13:34:00,9a428c06-5ea8-4124-9078-46bc3a96f4aa,5200,312,5512
817d149e-d1c4-4e4a-bbeb-4ee28c0dc169,1ebd3772-b5c1-4e9f-ac14-fe827730e405,2018-09-02T13:40:00,9a428c06-5ea8-4124-9078-46bc3a96f4aa,3600,216,3816
dec6f2d6-6a7e-480e-be56-bff891af70ea,636a6e8b-9175-4580-bee8-cfa4f1555671,2018-09-02T13:48:00,9a428c06-5ea8-4124-9078-46bc3a96f4aa,1200,72,1272
2590cf9b-b423-40e8-928f-c5c1a1589576,4b7345c0-9852-4f52-b988-d7e52d17b4bd,2018-09-02T14:13:00,9a428c06-5ea8-4124-9078-46bc3a96f4aa,2700,162,2862
ebba91f6-60b7-4c7f-b948-7cb236cc21ad,9d043e06-a1f2-47b0-8e99-d7bfc124a9f3,2018-09-02T14:30:00,9a428c06-5ea8-4124-9078-46bc3a96f4aa,9200,552,9752
0c13ff4c-c87d-40e2-be2a-a65113e74d2b,f45ea61a-aba7-4ace-b5e3-98568c00d288,2018-09-02T14:41:00,9a428c06-5ea8-4124-9078-46bc3a96f4aa,500,30,530
dc4571e1-f8aa-4935-9b04-82ec79a6ce4a,936d32d3-0fd0-496e-ac8c-8ca2b5acbd24,2018-09-02T14:56:00,9a428c06-5ea8-4124-9078-46bc3a96f4aa,1000,60,1060
16a59c97-a122-4603-8999-2f272041a47b,b3adf05e-2b81-4f0a-bcc7-769225d5500e,2018-09-02T14:59:00,9a428c06-5ea8-4124-9078-46bc3a96f4aa,500,30,530
af6b232c-4916-497c-901c-6b92a706a5d5,936d32d3-0fd0-496e-ac8c-8ca2b5acbd24,2018-09-03T07:00:00,9a428c06-5ea8-4124-9078-46bc3a96f4aa,5000,300,5300
fab4f594-b51e-4134-95dd-63fcc8b7a19b,0921bcbf-6899-467c-a737-a6fb7838884c,2018-09-03T07:13:00,9a428c06-5ea8-4124-9078-46bc3a96f4aa,400,24,424
2def981f-d123-4115-abed-45f8e27e708d,0d03d1f6-3182-411c-8163-87e3ce5c1e21,2018-09-03T07:16:00,9a428c06-5ea8-4124-9078-46bc3a96f4aa,400,24,424
d2b5fd88-6445-43b1-b0d8-9acc63719185,b3e02382-b6f0-4d86-ab73-fcede315e42d,2018-09-03T07:22:00,9a428c06-5ea8-4124-9078-46bc3a96f4aa,400,24,424
654ed9c0-a334-4f9c-a15b-acd503950536,f4ec60f1-a12b-453f-a8de-b572f03ac9b8,2018-09-03T07:40:00,9a428c06-5ea8-4124-9078-46bc3a96f4aa,400,24,424
7e8d4961-5c16-4f2b-841d-1a82ae1d77a7,ef26f344-f7ff-43f7-ac62-f1ebdd03c921,2018-09-03T07:49:00,9a428c06-5ea8-4124-9078-46bc3a96f4aa,600,36,636
cb078ce1-0386-43ac-86f9-175b8af25e52,55054283-2f1d-493e-bd97-17d6e3be8057,2018-09-03T07:58:00,9a428c06-5ea8-4124-9078-46bc3a96f4aa,700,42,742
04039ae1-bc78-47a4-be5a-58ee0c59d79a,ef67fa1e-ee9b-4fee-a9cc-273274c8ad8f,2018-09-03T07:59:00,9a428c06-5ea8-4124-9078-46bc3a96f4aa,600,36,636
30a9bee7-ba4c-4c87-a997-5deb1081b31c,7731c602-b4a8-48ec-a8d2-f57f32343b8a,2018-09-03T08:02:00,9a428c06-5ea8-4124-9078-46bc3a96f4aa,400,24,424
d3b83ce5-df4f-403f-8a0f-cae720094051,27e4110a-6579-4c59-95d1-4cb1a773c0e1,2018-09-03T08:17:00,9a428c06-5ea8-4124-9078-46bc3a96f4aa,700,42,742
3b0c1819-e3e7-4888-9376-fd38f480837a,6bc1121c-8cca-463b-aa9a-9743b806fd50,2018-09-03T08:21:00,9a428c06-5ea8-4124-9078-46bc3a96f4aa,600,36,636
2726034a-7643-476f-9d4e-90784b716333,e412d518-bb74-405e-b921-5ede22967265,2018-09-03T08:34:00,9a428c06-5ea8-4124-9078-46bc3a96f4aa,600,36,636
4745b5c0-7d1a-43ac-a05b-1dfb3b82f427,ca78bc41-9d6e-4d40-ae2f-24ba8f358b77,2018-09-03T08:43:00,9a428c06-5ea8-4124-9078-46bc3a96f4aa,600,36,636
7ee68c53-18ff-41fe-ab0c-26bb72efca6b,6b95a127-f37e-419d-82ea-1f211a455c4d,2018-09-03T09:08:00,9a428c06-5ea8-4124-9078-46bc3a96f4aa,600,36,636
9d5df1e1-d78f-4a5d-9ee3-5a3353922260,b6ac3466-fb6a-4929-b136-129eebf54a0e,2018-09-03T09:39:00,9a428c06-5ea8-4124-9078-46bc3a96f4aa,600,36,636
c886f207-b78d-4df9-a4d1-5e8b0152e7c5,badf0303-0d19-47af-a578-b33accb02c0c,2018-09-03T10:05:00,9a428c06-5ea8-4124-9078-46bc3a96f4aa,400,24,424
df658671-0e43-4d4d-9ad6-c18caeacc47e,a1dc220c-b8b0-4f59-991b-672cb2b4555c,2018-09-03T10:06:00,9a428c06-5ea8-4124-9078-46bc3a96f4aa,1200,72,1272
332d563d-6c0a-4826-92cd-a13e8ca3ac48,ecb5db23-2fbc-40a4-b7a7-474c0e26e8bc,2018-09-03T10:12:00,9a428c06-5ea8-4124-9078-46bc3a96f4aa,700,42,742
2af94c06-8c5c-43db-9471-76772c6b1f49,b7950dd8-9a95-4acc-8c70-ed0b21c33efd,2018-09-03T11:15:00,9a428c06-5ea8-4124-9078-46bc3a96f4aa,600,36,636
7eea6139-2487-47d2-8b39-d6d69dbf22e1,f45ea61a-aba7-4ace-b5e3-98568c00d288,2018-09-03T11:42:00,9a428c06-5ea8-4124-9078-46bc3a96f4aa,600,36,636
4cc23c56-25e1-4e48-8d48-a66a274aeeff,2e5d843d-9325-44f2-8927-56bcfd469e17,2018-09-03T11:59:00,9a428c06-5ea8-4124-9078-46bc3a96f4aa,600,36,636
0a9f6911-621c-437d-965f-dcb6e2015fb9,b41b0b4c-9880-49fc-b1ef-44e89eaf300b,2018-09-03T12:17:00,9a428c06-5ea8-4124-9078-46bc3a96f4aa,400,24,424
af366fe5-ddfe-45af-8dc3-71cb130ae07f,86d7f2f9-b687-4a94-90d0-b6ec44353465,2018-09-03T12:27:00,9a428c06-5ea8-4124-9078-46bc3a96f4aa,900,54,954
ca92d86b-77a6-4b48-a1b5-393d1c1450dc,de388a00-d427-4ced-91e5-6db9f1cd007b,2018-09-03T12:59:00,9a428c06-5ea8-4124-9078-46bc3a96f4aa,1100,65,1165
e20419d8-2d7c-4ebc-9e24-97e4b9515e4f,0126aed0-d595-4a76-a4cc-d3daadca2460,2018-09-03T13:24:00,9a428c06-5ea8-4124-9078-46bc3a96f4aa,600,36,636
8904b0b7-612d-4d66-8177-ddf7ee133649,a18ea7de-58bd-402f-a460-0ae5942d75aa,2018-09-03T13:34:00,9a428c06-5ea8-4124-9078-46bc3a96f4aa,1900,113,2013
4b197a24-465b-44e1-a28a-f99446f83b5b,7b1cc8b0-a30c-4314-a923-aa7ba0fbbfec,2018-09-03T14:03:00,9a428c06-5ea8-4124-9078-46bc3a96f4aa,1100,65,1165
e59f21bf-d757-4012-90be-93ec807986e6,77f83c5c-edfd-4c16-80ad-3b0c6c77a3e6,2018-09-03T15:14:00,9a428c06-5ea8-4124-9078-46bc3a96f4aa,1800,108,1908
69389709-b3ae-4546-94bc-739f7418dab2,0c7d36a5-4dc3-4710-81be-fb31a330ec49,2018-09-03T17:04:00,9a428c06-5ea8-4124-9078-46bc3a96f4aa,600,36,636
35389ec2-1f37-46af-b4b1-a7974490be00,6bc1121c-8cca-463b-aa9a-9743b806fd50,2018-09-04T07:10:00,9a428c06-5ea8-4124-9078-46bc3a96f4aa,600,36,636
43c1ff58-5fe3-4312-af33-6a0d6aaf0f3b,27e4110a-6579-4c59-95d1-4cb1a773c0e1,2018-09-04T07:10:00,9a428c06-5ea8-4124-9078-46bc3a96f4aa,400,24,424
ed91e740-4bf4-4697-8417-8fa43d726cff,ca78bc41-9d6e-4d40-ae2f-24ba8f358b77,2018-09-04T07:11:00,9a428c06-5ea8-4124-9078-46bc3a96f4aa,700,42,742
bf0fdbd4-99d7-4f70-8eb3-5fe29e1cc63e,e412d518-bb74-405e-b921-5ede22967265,2018-09-04T07:40:00,9a428c06-5ea8-4124-9078-46bc3a96f4aa,600,36,636
df20d288-b89e-49ab-ae7e-76cbd6ee3e99,55054283-2f1d-493e-bd97-17d6e3be8057,2018-09-04T07:52:00,9a428c06-5ea8-4124-9078-46bc3a96f4aa,500,30,530
1761d35f-1e1d-4b2e-a733-8d2e8d5a53da,7731c602-b4a8-48ec-a8d2-f57f32343b8a,2018-09-04T07:58:00,9a428c06-5ea8-4124-9078-46bc3a96f4aa,700,42,742
1f9436ef-8c30-4716-813c-4e5f0ef09425,b3e02382-b6f0-4d86-ab73-fcede315e42d,2018-09-04T08:02:00,9a428c06-5ea8-4124-9078-46bc3a96f4aa,600,36,636
cab01282-2a78-43c8-90fd-5f96beddc518,0fda7ee1-bbfc-4e58-8ce8-86b7c0979115,2018-09-04T08:09:00,9a428c06-5ea8-4124-9078-46bc3a96f4aa,700,42,742
418e7e78-1c2f-47bd-9b22-d94ab019d435,ef67fa1e-ee9b-4fee-a9cc-273274c8ad8f,2018-09-04T08:20:00,9a428c06-5ea8-4124-9078-46bc3a96f4aa,600,36,636
ec74f32d-6107-4ba2-9b03-bc8da4e81141,ef26f344-f7ff-43f7-ac62-f1ebdd03c921,2018-09-04T08:38:00,9a428c06-5ea8-4124-9078-46bc3a96f4aa,600,36,636
a9dc423a-a74d-4e62-9b30-011b6b336d2b,0d03d1f6-3182-411c-8163-87e3ce5c1e21,2018-09-04T08:40:00,9a428c06-5ea8-4124-9078-46bc3a96f4aa,600,36,636
c9d762e6-b9db-4782-8372-5998a9ed1ff4,0921bcbf-6899-467c-a737-a6fb7838884c,2018-09-04T08:41:00,9a428c06-5ea8-4124-9078-46bc3a96f4aa,400,24,424
04db87ae-4bf6-4142-9c7b-c65b7589148e,b3adf05e-2b81-4f0a-bcc7-769225d5500e,2018-09-04T11:24:00,9a428c06-5ea8-4124-9078-46bc3a96f4aa,500,30,530
846904dd-c094-477e-91ba-b59a14a9ee8f,a1dc220c-b8b0-4f59-991b-672cb2b4555c,2018-09-04T11:25:00,9a428c06-5ea8-4124-9078-46bc3a96f4aa,800,48,848
a91f603b-4760-4c29-84b8-4b13cc73e744,64846b71-6886-41cf-920e-5172b2f5433c,2018-09-04T11:31:00,9a428c06-5ea8-4124-9078-46bc3a96f4aa,700,42,742
f3dab5c8-8f7b-4c44-993d-4ed5acad49c2,0126aed0-d595-4a76-a4cc-d3daadca2460,2018-09-04T12:32:00,9a428c06-5ea8-4124-9078-46bc3a96f4aa,600,36,636
4c3fbe80-1a6f-478d-8fdb-591087b81635,f45ea61a-aba7-4ace-b5e3-98568c00d288,2018-09-04T13:17:00,9a428c06-5ea8-4124-9078-46bc3a96f4aa,600,36,636
b1b57a78-d0da-4e7e-908f-883279f71df3,a18ea7de-58bd-402f-a460-0ae5942d75aa,2018-09-04T13:20:00,9a428c06-5ea8-4124-9078-46bc3a96f4aa,1200,72,1272
784aa07f-b2f1-42e1-9a75-ab70775b677c,cbee55ad-8f9d-4c1e-a965-cd5920ab10e6,2018-09-04T13:49:00,9a428c06-5ea8-4124-9078-46bc3a96f4aa,400,24,424
8e8d7a01-f535-4a30-85a8-bfd997d6688b,ecb5db23-2fbc-40a4-b7a7-474c0e26e8bc,2018-09-04T13:52:00,9a428c06-5ea8-4124-9078-46bc3a96f4aa,600,36,636
41a95646-a9bb-4c3d-bc91-5efecf264198,77f83c5c-edfd-4c16-80ad-3b0c6c77a3e6,2018-09-04T15:08:00,9a428c06-5ea8-4124-9078-46bc3a96f4aa,2400,144,2544
28af0ec6-2508-4676-8c4a-2b286d3454df,42aed4c4-d923-4972-b987-c4dc2224e920,2018-09-04T15:30:00,9a428c06-5ea8-4124-9078-46bc3a96f4aa,2900,174,3074
2f8850a7-b554-4746-b4df-c14970548952,2e5d843d-9325-44f2-8927-56bcfd469e17,2018-09-04T16:47:00,9a428c06-5ea8-4124-9078-46bc3a96f4aa,1200,72,1272
738c1f9f-679a-4785-9000-761b11eed49f,ef26f344-f7ff-43f7-ac62-f1ebdd03c921,2018-09-05T07:40:00,9a428c06-5ea8-4124-9078-46bc3a96f4aa,600,36,636
830d47aa-c5f3-4428-8503-768a937df28f,0921bcbf-6899-467c-a737-a6fb7838884c,2018-09-05T07:41:00,9a428c06-5ea8-4124-9078-46bc3a96f4aa,400,24,424
ebd5533c-a158-4640-bbad-6944fbb0aac0,0fda7ee1-bbfc-4e58-8ce8-86b7c0979115,2018-09-05T07:56:00,9a428c06-5ea8-4124-9078-46bc3a96f4aa,600,36,636
85508df0-9576-43a6-be70-d64b062ecd84,b3e02382-b6f0-4d86-ab73-fcede315e42d,2018-09-05T08:11:00,9a428c06-5ea8-4124-9078-46bc3a96f4aa,700,42,742
034167cb-87c4-4450-8708-dbdc36203314,ca78bc41-9d6e-4d40-ae2f-24ba8f358b77,2018-09-05T08:19:00,9a428c06-5ea8-4124-9078-46bc3a96f4aa,700,42,742
075c122b-2d02-4369-9f3b-55d0acd7e2c6,ef67fa1e-ee9b-4fee-a9cc-273274c8ad8f,2018-09-05T08:25:00,9a428c06-5ea8-4124-9078-46bc3a96f4aa,400,24,424
9358beab-7ec1-42f6-95de-28b88bfb0dfb,27e4110a-6579-4c59-95d1-4cb1a773c0e1,2018-09-05T08:25:00,9a428c06-5ea8-4124-9078-46bc3a96f4aa,400,24,424
6a5f2a6a-27c2-4cc7-a05c-9e76ccb1a782,b3adf05e-2b81-4f0a-bcc7-769225d5500e,2018-09-05T08:36:00,9a428c06-5ea8-4124-9078-46bc3a96f4aa,600,36,636
58e8bb5d-759f-45f2-8d4c-8886a2205336,6bc1121c-8cca-463b-aa9a-9743b806fd50,2018-09-05T08:49:00,9a428c06-5ea8-4124-9078-46bc3a96f4aa,500,30,530
db6db259-538e-4b6b-811a-18047bb4a2f0,f4ec60f1-a12b-453f-a8de-b572f03ac9b8,2018-09-05T09:02:00,9a428c06-5ea8-4124-9078-46bc3a96f4aa,600,36,636
0453b179-eef9-4dbc-b622-51387f457f10,7731c602-b4a8-48ec-a8d2-f57f32343b8a,2018-09-05T09:05:00,9a428c06-5ea8-4124-9078-46bc3a96f4aa,700,42,742
c4aa5b1d-278a-486d-a202-cd57809ec295,0d03d1f6-3182-411c-8163-87e3ce5c1e21,2018-09-05T09:08:00,9a428c06-5ea8-4124-9078-46bc3a96f4aa,600,36,636
4d888b23-2096-4ff9-9573-daeebf5187b8,e412d518-bb74-405e-b921-5ede22967265,2018-09-05T09:20:00,9a428c06-5ea8-4124-9078-46bc3a96f4aa,600,36,636
d5e7c5e2-5151-4432-bf48-6533a112a786,0c7d36a5-4dc3-4710-81be-fb31a330ec49,2018-09-05T09:49:00,9a428c06-5ea8-4124-9078-46bc3a96f4aa,700,42,742
bd562542-22b1-45bb-b8cf-0d14211bcda6,636a6e8b-9175-4580-bee8-cfa4f1555671,2018-09-05T11:48:00,9a428c06-5ea8-4124-9078-46bc3a96f4aa,4900,294,5194
d50c7b51-9c4b-4346-a72e-86826c4e05ed,02088bd8-eb6c-46b7-89c4-dc504a750d6f,2018-09-05T11:51:00,9a428c06-5ea8-4124-9078-46bc3a96f4aa,2000,120,2120
cf7b4086-a2d9-441c-ada8-1961cff0c9d3,a18ea7de-58bd-402f-a460-0ae5942d75aa,2018-09-05T12:07:00,9a428c06-5ea8-4124-9078-46bc3a96f4aa,600,36,636
fdc79945-f2f5-483a-9ada-3875cba2b066,ecb5db23-2fbc-40a4-b7a7-474c0e26e8bc,2018-09-05T12:18:00,9a428c06-5ea8-4124-9078-46bc3a96f4aa,500,30,530
60ce38fd-aebb-483c-bafa-23097a229504,64846b71-6886-41cf-920e-5172b2f5433c,2018-09-05T12:48:00,9a428c06-5ea8-4124-9078-46bc3a96f4aa,700,42,742
9dd21d8e-4a89-4262-8505-dbafcfa9db86,badf0303-0d19-47af-a578-b33accb02c0c,2018-09-05T12:50:00,9a428c06-5ea8-4124-9078-46bc3a96f4aa,400,24,424
bf977596-b906-49e6-ab42-ac81fc446a6c,b41b0b4c-9880-49fc-b1ef-44e89eaf300b,2018-09-05T13:42:00,9a428c06-5ea8-4124-9078-46bc3a96f4aa,600,36,636
ac580433-6ee1-4927-9061-00ae76bf27e0,0126aed0-d595-4a76-a4cc-d3daadca2460,2018-09-05T14:06:00,9a428c06-5ea8-4124-9078-46bc3a96f4aa,500,30,530
5fcd1352-098c-4889-a6ec-7add7754e6c8,2e5d843d-9325-44f2-8927-56bcfd469e17,2018-09-05T14:24:00,9a428c06-5ea8-4124-9078-46bc3a96f4aa,1900,113,2013
b864e0ed-e98f-420b-b9d2-faa0f5607ad7,cbee55ad-8f9d-4c1e-a965-cd5920ab10e6,2018-09-05T14:45:00,9a428c06-5ea8-4124-9078-46bc3a96f4aa,600,36,636
08708a8f-36b2-4625-ace8-19070b2b3f7b,4b7345c0-9852-4f52-b988-d7e52d17b4bd,2018-09-05T15:43:00,9a428c06-5ea8-4124-9078-46bc3a96f4aa,5000,300,5300
5f70df03-59d2-4297-b167-fecf5da89b0f,b7950dd8-9a95-4acc-8c70-ed0b21c33efd,2018-09-05T18:07:00,9a428c06-5ea8-4124-9078-46bc3a96f4aa,400,24,424
79e40204-0051-46d5-8b40-ab2dbf5c0a17,77f83c5c-edfd-4c16-80ad-3b0c6c77a3e6,2018-09-05T18:24:00,9a428c06-5ea8-4124-9078-46bc3a96f4aa,1400,84,1484
62f81660-0616-4f73-9956-c6a31f10d4c4,b3e02382-b6f0-4d86-ab73-fcede315e42d,2018-09-06T07:00:00,9a428c06-5ea8-4124-9078-46bc3a96f4aa,600,36,636
36a75a29-5cd5-4877-b54b-ca48ca82b1a3,ca78bc41-9d6e-4d40-ae2f-24ba8f358b77,2018-09-06T07:27:00,9a428c06-5ea8-4124-9078-46bc3a96f4aa,400,24,424
a36fcd7f-a21d-4bd9-88c3-67e3a4dc8d2a,f4ec60f1-a12b-453f-a8de-b572f03ac9b8,2018-09-06T07:28:00,9a428c06-5ea8-4124-9078-46bc3a96f4aa,400,24,424
f9e32284-6f19-40ac-9e2f-5ec047ce3825,6bc1121c-8cca-463b-aa9a-9743b806fd50,2018-09-06T07:30:00,9a428c06-5ea8-4124-9078-46bc3a96f4aa,600,36,636
b488d6fb-1b18-4324-a397-305339448083,ef26f344-f7ff-43f7-ac62-f1ebdd03c921,2018-09-06T07:40:00,9a428c06-5ea8-4124-9078-46bc3a96f4aa,500,30,530
6eed4b32-954c-4d58-85bd-a91a9f77e9f0,27e4110a-6579-4c59-95d1-4cb1a773c0e1,2018-09-06T07:44:00,9a428c06-5ea8-4124-9078-46bc3a96f4aa,600,36,636
d64460c0-924d-44a1-87d4-43da4d5f5cbe,77f83c5c-edfd-4c16-80ad-3b0c6c77a3e6,2018-09-06T07:52:00,9a428c06-5ea8-4124-9078-46bc3a96f4aa,500,30,530
186aadfb-2d0b-4052-be73-ab722f8bba7a,e412d518-bb74-405e-b921-5ede22967265,2018-09-06T08:03:00,9a428c06-5ea8-4124-9078-46bc3a96f4aa,400,24,424
eab8755b-4287-49b3-ac65-d638ba98ca76,0921bcbf-6899-467c-a737-a6fb7838884c,2018-09-06T08:08:00,9a428c06-5ea8-4124-9078-46bc3a96f4aa,600,36,636
70c93f2c-5f17-4c4d-9e4a-b9df276c4ab1,7731c602-b4a8-48ec-a8d2-f57f32343b8a,2018-09-06T08:15:00,9a428c06-5ea8-4124-9078-46bc3a96f4aa,400,24,424
58c253c3-806c-41e9-a4b3-667ef39a1ce6,0d03d1f6-3182-411c-8163-87e3ce5c1e21,2018-09-06T08:16:00,9a428c06-5ea8-4124-9078-46bc3a96f4aa,500,30,530
4d307a05-686e-4b41-8fe1-f0f2f3dca30d,ef67fa1e-ee9b-4fee-a9cc-273274c8ad8f,2018-09-06T08:18:00,9a428c06-5ea8-4124-9078-46bc3a96f4aa,700,42,742
9542029b-9506-479c-9b7c-2102b088f672,0fda7ee1-bbfc-4e58-8ce8-86b7c0979115,2018-09-06T08:29:00,9a428c06-5ea8-4124-9078-46bc3a96f4aa,500,30,530
9e6a1cac-21dc-4d1e-adb5-8638d1596d0b,936d32d3-0fd0-496e-ac8c-8ca2b5acbd24,2018-09-06T09:39:00,9a428c06-5ea8-4124-9078-46bc3a96f4aa,2800,168,2968
6f352917-ed87-4e63-9867-e6b9221f0b62,ecb5db23-2fbc-40a4-b7a7-474c0e26e8bc,2018-09-06T09:57:00,9a428c06-5ea8-4124-9078-46bc3a96f4aa,500,30,530
3deb1a05-34db-4edd-9c3c-b839fc066000,4b7345c0-9852-4f52-b988-d7e52d17b4bd,2018-09-06T10:07:00,9a428c06-5ea8-4124-9078-46bc3a96f4aa,1900,113,2013
85ef8730-0c7f-4756-8bf2-0dca343c3ad6,b6ac3466-fb6a-4929-b136-129eebf54a0e,2018-09-06T10:37:00,9a428c06-5ea8-4124-9078-46bc3a96f4aa,700,42,742
f32f2c54-e15a-4bcd-b997-31fb7f4f3f00,02088bd8-eb6c-46b7-89c4-dc504a750d6f,2018-09-06T10:41:00,9a428c06-5ea8-4124-9078-46bc3a96f4aa,0,0,0
e043d02c-a1bc-4313-8896-f905ba4e301b,7b1cc8b0-a30c-4314-a923-aa7ba0fbbfec,2018-09-06T10:58:00,9a428c06-5ea8-4124-9078-46bc3a96f4aa,1200,72,1272
cd4b90a9-6614-4f16-ab3d-4839a83c0295,0c7d36a5-4dc3-4710-81be-fb31a330ec49,2018-09-06T11:25:00,9a428c06-5ea8-4124-9078-46bc3a96f4aa,2300,138,2438
99afe6f9-4836-47fa-9e30-30541e7dc303,cbee55ad-8f9d-4c1e-a965-cd5920ab10e6,2018-09-06T11:42:00,9a428c06-5ea8-4124-9078-46bc3a96f4aa,600,36,636
38444538-c41b-4917-84e6-9ca377e28721,6b95a127-f37e-419d-82ea-1f211a455c4d,2018-09-06T12:43:00,9a428c06-5ea8-4124-9078-46bc3a96f4aa,2500,150,2650
f6ee184a-54ef-4684-abae-299bf7d71100,b7950dd8-9a95-4acc-8c70-ed0b21c33efd,2018-09-06T13:02:00,9a428c06-5ea8-4124-9078-46bc3a96f4aa,1100,65,1165
b792a333-1d99-4c1a-9208-ee4c24539ad5,f45ea61a-aba7-4ace-b5e3-98568c00d288,2018-09-06T13:20:00,9a428c06-5ea8-4124-9078-46bc3a96f4aa,400,24,424
8a9937ab-766f-4fda-9774-77f72aef237e,a18ea7de-58bd-402f-a460-0ae5942d75aa,2018-09-06T14:17:00,9a428c06-5ea8-4124-9078-46bc3a96f4aa,700,42,742
3af919bf-5c85-4c44-a676-608909f08082,2e5d843d-9325-44f2-8927-56bcfd469e17,2018-09-06T14:33:00,9a428c06-5ea8-4124-9078-46bc3a96f4aa,600,36,636
83342e3b-68aa-4ce2-ba4f-978f9728a9e9,b3e02382-b6f0-4d86-ab73-fcede315e42d,2018-09-07T07:29:00,9a428c06-5ea8-4124-9078-46bc3a96f4aa,700,42,742
471d1fd1-a237-44ad-8fba-26129fd0a4ed,0921bcbf-6899-467c-a737-a6fb7838884c,2018-09-07T07:31:00,9a428c06-5ea8-4124-9078-46bc3a96f4aa,400,24,424
cf49a8cc-7c79-4a6e-bbe7-90215b35f9c3,27e4110a-6579-4c59-95d1-4cb1a773c0e1,2018-09-07T07:48:00,9a428c06-5ea8-4124-9078-46bc3a96f4aa,500,30,530
868d9652-b69d-48ef-99cd-bd5d22b60c3a,55054283-2f1d-493e-bd97-17d6e3be8057,2018-09-07T07:53:00,9a428c06-5ea8-4124-9078-46bc3a96f4aa,400,24,424
be545342-feed-477a-918d-1f3bdb2fba6b,0d03d1f6-3182-411c-8163-87e3ce5c1e21,2018-09-07T08:00:00,9a428c06-5ea8-4124-9078-46bc3a96f4aa,400,24,424
76ef6ba4-11fb-4df9-991f-cd2b37cf804d,ca78bc41-9d6e-4d40-ae2f-24ba8f358b77,2018-09-07T08:13:00,9a428c06-5ea8-4124-9078-46bc3a96f4aa,700,42,742
47433140-47eb-4e68-baa8-2236172eff59,0fda7ee1-bbfc-4e58-8ce8-86b7c0979115,2018-09-07T08:38:00,9a428c06-5ea8-4124-9078-46bc3a96f4aa,400,24,424
b16ef289-4d44-40e8-b0b0-396e6f2535c2,e412d518-bb74-405e-b921-5ede22967265,2018-09-07T08:49:00,9a428c06-5ea8-4124-9078-46bc3a96f4aa,600,36,636
cc753d79-94d7-4ad9-9918-a85eeaf3fdea,6bc1121c-8cca-463b-aa9a-9743b806fd50,2018-09-07T08:49:00,9a428c06-5ea8-4124-9078-46bc3a96f4aa,600,36,636
6d749907-069a-49a7-a144-2873b8484a3c,cbee55ad-8f9d-4c1e-a965-cd5920ab10e6,2018-09-07T10:33:00,9a428c06-5ea8-4124-9078-46bc3a96f4aa,600,36,636
428a4b29-5c0f-4f02-a80a-b58aa2cd6167,42aed4c4-d923-4972-b987-c4dc2224e920,2018-09-07T10:39:00,9a428c06-5ea8-4124-9078-46bc3a96f4aa,3800,227,4027
7fad367a-0341-439c-b7f8-222637731d33,936d32d3-0fd0-496e-ac8c-8ca2b5acbd24,2018-09-07T11:22:00,9a428c06-5ea8-4124-9078-46bc3a96f4aa,1200,72,1272
1a43addd-a8c8-476d-aad9-61fe5baec1cc,86d7f2f9-b687-4a94-90d0-b6ec44353465,2018-09-07T11:52:00,9a428c06-5ea8-4124-9078-46bc3a96f4aa,500,30,530
33086b55-ae75-41b3-a9c9-1c697e6ec797,b3adf05e-2b81-4f0a-bcc7-769225d5500e,2018-09-07T11:59:00,9a428c06-5ea8-4124-9078-46bc3a96f4aa,600,36,636
575a7415-8f8e-495a-953a-aa7ddbb9c9b6,6b95a127-f37e-419d-82ea-1f211a455c4d,2018-09-07T12:54:00,9a428c06-5ea8-4124-9078-46bc3a96f4aa,1000,60,1060
fcbe323f-5c63-44e9-ad6b-81394c796425,64846b71-6886-41cf-920e-5172b2f5433c,2018-09-07T13:09:00,9a428c06-5ea8-4124-9078-46bc3a96f4aa,400,24,424
1fd2d744-cb6c-4a60-8819-74865e10196a,badf0303-0d19-47af-a578-b33accb02c0c,2018-09-07T13:14:00,9a428c06-5ea8-4124-9078-46bc3a96f4aa,400,24,424
163d347e-6ff1-4564-a756-3fe3b9b0cc2a,ecb5db23-2fbc-40a4-b7a7-474c0e26e8bc,2018-09-07T13:36:00,9a428c06-5ea8-4124-9078-46bc3a96f4aa,700,42,742
aaf84eb1-e4a0-44d5-af76-c5e51c3674af,0c7d36a5-4dc3-4710-81be-fb31a330ec49,2018-09-07T14:21:00,9a428c06-5ea8-4124-9078-46bc3a96f4aa,700,42,742
c3c9b6c1-db00-44a4-aa74-7190dee6ac64,77f83c5c-edfd-4c16-80ad-3b0c6c77a3e6,2018-09-07T14:39:00,9a428c06-5ea8-4124-9078-46bc3a96f4aa,600,36,636
3fe5dedb-f272-4410-8ac3-d8819dfdc64b,7b1cc8b0-a30c-4314-a923-aa7ba0fbbfec,2018-09-07T15:36:00,9a428c06-5ea8-4124-9078-46bc3a96f4aa,1100,65,1165
b50de387-1959-4e3d-859a-d533bb8a28a1,2e5d843d-9325-44f2-8927-56bcfd469e17,2018-09-07T16:53:00,9a428c06-5ea8-4124-9078-46bc3a96f4aa,2400,144,2544
5eba122f-78fc-4052-bcdd-cf062dbde09f,b7950dd8-9a95-4acc-8c70-ed0b21c33efd,2018-09-07T17:53:00,9a428c06-5ea8-4124-9078-46bc3a96f4aa,700,42,742
4dd86e70-54dd-4c8f-87a6-b84bd0ea6871,936d32d3-0fd0-496e-ac8c-8ca2b5acbd24,2018-09-08T08:00:00,9a428c06-5ea8-4124-9078-46bc3a96f4aa,4300,258,4558
83021b7f-9c81-4371-8eb6-a5ed6863267d,ef26f344-f7ff-43f7-ac62-f1ebdd03c921,2018-09-08T09:20:00,9a428c06-5ea8-4124-9078-46bc3a96f4aa,700,42,742
e5cd4387-e93e-4062-a252-a397b56014db,b3adf05e-2b81-4f0a-bcc7-769225d5500e,2018-09-08T09:46:00,9a428c06-5ea8-4124-9078-46bc3a96f4aa,500,30,530
a4164dca-eeee-4308-9403-89dcb53f4b8f,ecb5db23-2fbc-40a4-b7a7-474c0e26e8bc,2018-09-08T10:09:00,9a428c06-5ea8-4124-9078-46bc3a96f4aa,500,30,530
1f1c17ef-cb48-4db5-b5a6-810dcd229f75,58c88fbf-92b9-4307-972f-26ddd1168f69,2018-09-08T10:46:00,9a428c06-5ea8-4124-9078-46bc3a96f4aa,3300,198,3498
533280bb-935d-4931-9469-cebf4f4305a5,f45ea61a-aba7-4ace-b5e3-98568c00d288,2018-09-08T10:55:00,9a428c06-5ea8-4124-9078-46bc3a96f4aa,500,30,530
b64849d8-a3f5-4ffa-a644-058d9c6a51ad,a09b0afd-92ed-4bc0-b152-babe85c60495,2018-09-08T12:22:00,9a428c06-5ea8-4124-9078-46bc3a96f4aa,5300,318,5618
4854c1f7-0c9c-46ba-9bd9-2d1122e9e4fc,fb9d419f-ce49-4c2c-8c3d-914fde878e9a,2018-09-08T12:34:00,9a428c06-5ea8-4124-9078-46bc3a96f4aa,1700,102,1802
ef1aa1da-86e7-4441-a20d-9c8969bfbbdc,1ebd3772-b5c1-4e9f-ac14-fe827730e405,2018-09-08T12:36:00,9a428c06-5ea8-4124-9078-46bc3a96f4aa,3700,221,3921
669f4ce9-0431-4bf3-b425-992b9ce09af1,767426a2-091c-4a34-9ef1-8a235c4da34d,2018-09-08T12:38:00,9a428c06-5ea8-4124-9078-46bc3a96f4aa,1900,113,2013
9762cb9f-edd0-45c8-86c5-17d2bd754056,9d043e06-a1f2-47b0-8e99-d7bfc124a9f3,2018-09-08T13:28:00,9a428c06-5ea8-4124-9078-46bc3a96f4aa,8500,509,9009
af963deb-0931-43e4-83ca-4cdf462ededa,4b7345c0-9852-4f52-b988-d7e52d17b4bd,2018-09-08T14:13:00,9a428c06-5ea8-4124-9078-46bc3a96f4aa,2300,138,2438
f490b489-5bd1-44fb-ac43-bb26b16cefa9,badf0303-0d19-47af-a578-b33accb02c0c,2018-09-09T09:53:00,9a428c06-5ea8-4124-9078-46bc3a96f4aa,500,30,530
3b73844c-0b39-4025-aa3a-1f828ad85a41,7f8d376c-4e48-47b3-ad56-80145e3fdfbb,2018-09-09T11:03:00,9a428c06-5ea8-4124-9078-46bc3a96f4aa,5000,300,5300
8d9e41d7-b44e-446f-a543-c43961269da6,1ebd3772-b5c1-4e9f-ac14-fe827730e405,2018-09-09T11:03:00,9a428c06-5ea8-4124-9078-46bc3a96f4aa,3500,210,3710
1548f20c-42b7-4a15-ad30-0474456353b3,76b88c85-09d9-4d32-81be-2161010c17a3,2018-09-09T11:12:00,9a428c06-5ea8-4124-9078-46bc3a96f4aa,5700,342,6042
5ae5cf46-a07c-4a00-8185-73af832cca18,c3872ebd-26df-444f-b533-ed80d0381a85,2018-09-09T11:27:00,9a428c06-5ea8-4124-9078-46bc3a96f4aa,1500,89,1589
612313de-79f2-4e3c-9822-52254d757d06,02088bd8-eb6c-46b7-89c4-dc504a750d6f,2018-09-09T11:50:00,9a428c06-5ea8-4124-9078-46bc3a96f4aa,3400,204,3604
83ce5318-57ad-4299-babb-e77873ff4230,58c88fbf-92b9-4307-972f-26ddd1168f69,2018-09-09T13:04:00,9a428c06-5ea8-4124-9078-46bc3a96f4aa,3300,198,3498
3065c789-dc48-4b82-809b-c82df535373d,936d32d3-0fd0-496e-ac8c-8ca2b5acbd24,2018-09-09T13:09:00,9a428c06-5ea8-4124-9078-46bc3a96f4aa,2300,138,2438
85baa69e-14a2-4590-91ae-763689a65b46,87ce2058-27a2-46d9-9cf8-5b4ffdda3722,2018-09-09T13:32:00,9a428c06-5ea8-4124-9078-46bc3a96f4aa,3300,198,3498
64d5d34c-7409-4ba2-84cc-06448e3988c8,b3adf05e-2b81-4f0a-bcc7-769225d5500e,2018-09-09T13:35:00,9a428c06-5ea8-4124-9078-46bc3a96f4aa,600,36,636
9d2e58f9-b4f3-4853-8013-1b5e3897881b,767426a2-091c-4a34-9ef1-8a235c4da34d,2018-09-09T14:01:00,9a428c06-5ea8-4124-9078-46bc3a96f4aa,1900,113,2013
1e4ce897-e828-45e6-9ca7-348f810f3c4c,a09b0afd-92ed-4bc0-b152-babe85c60495,2018-09-09T14:02:00,9a428c06-5ea8-4124-9078-46bc3a96f4aa,5500,330,5830
25fbf556-8ddd-427d-a110-0ec5e97895dc,ee235eb0-8ecf-49fd-bf6b-29cd064ac42b,2018-09-09T14:04:00,9a428c06-5ea8-4124-9078-46bc3a96f4aa,3300,198,3498
dfdb355b-9f27-4a67-89d5-39e7c1a2e632,9d043e06-a1f2-47b0-8e99-d7bfc124a9f3,2018-09-09T14:45:00,9a428c06-5ea8-4124-9078-46bc3a96f4aa,8700,522,9222
2ccd9959-0372-4273-a5d1-f05a2c04d2e3,2898bfc7-9006-4bfc-9f8b-c21103a204ee,2018-09-09T14:48:00,9a428c06-5ea8-4124-9078-46bc3a96f4aa,9200,552,9752
087b416d-ce2c-4bca-9b96-99faf78fd493,ecb5db23-2fbc-40a4-b7a7-474c0e26e8bc,2018-09-09T14:54:00,9a428c06-5ea8-4124-9078-46bc3a96f4aa,600,36,636
9d98c7bb-ef5f-4a40-807d-1b96dcb5003d,42aed4c4-d923-4972-b987-c4dc2224e920,2018-09-09T14:55:00,9a428c06-5ea8-4124-9078-46bc3a96f4aa,4800,288,5088
07a9861e-1513-4e00-9d70-4cdc4979c1a8,0921bcbf-6899-467c-a737-a6fb7838884c,2018-09-10T07:00:00,9a428c06-5ea8-4124-9078-46bc3a96f4aa,700,42,742
e12b5d35-9327-4394-b184-971c59613340,ef26f344-f7ff-43f7-ac62-f1ebdd03c921,2018-09-10T07:05:00,9a428c06-5ea8-4124-9078-46bc3a96f4aa,600,36,636
a246b518-f8a3-44e3-a21b-3941c2704f83,ca78bc41-9d6e-4d40-ae2f-24ba8f358b77,2018-09-10T07:24:00,9a428c06-5ea8-4124-9078-46bc3a96f4aa,400,24,424
d67cde9e-35e2-4848-ba8c-6ae6d41fa640,b3e02382-b6f0-4d86-ab73-fcede315e42d,2018-09-10T07:31:00,9a428c06-5ea8-4124-9078-46bc3a96f4aa,600,36,636
3a8a200c-108d-4a63-9ac8-d86faf042e7b,0fda7ee1-bbfc-4e58-8ce8-86b7c0979115,2018-09-10T07:43:00,9a428c06-5ea8-4124-9078-46bc3a96f4aa,400,24,424
bbbf9038-23d8-49a4-a220-b1b8a5dc6b86,55054283-2f1d-493e-bd97-17d6e3be8057,2018-09-10T07:47:00,9a428c06-5ea8-4124-9078-46bc3a96f4aa,600,36,636
b2d12943-3f9b-4775-a4d6-3a6ea073072a,ef67fa1e-ee9b-4fee-a9cc-273274c8ad8f,2018-09-10T07:48:00,9a428c06-5ea8-4124-9078-46bc3a96f4aa,600,36,636
6a21c502-3af1-4782-b480-f7d5d420046d,0d03d1f6-3182-411c-8163-87e3ce5c1e21,2018-09-10T07:52:00,9a428c06-5ea8-4124-9078-46bc3a96f4aa,600,36,636
a94ba664-df0f-4b45-b945-5be4cad4e329,7731c602-b4a8-48ec-a8d2-f57f32343b8a,2018-09-10T08:02:00,9a428c06-5ea8-4124-9078-46bc3a96f4aa,400,24,424
d2e481c1-975a-4508-a29b-ac2ea24f29b8,27e4110a-6579-4c59-95d1-4cb1a773c0e1,2018-09-10T08:09:00,9a428c06-5ea8-4124-9078-46bc3a96f4aa,700,42,742
c201c172-c540-47a4-a000-1e09f92ed87b,f4ec60f1-a12b-453f-a8de-b572f03ac9b8,2018-09-10T08:21:00,9a428c06-5ea8-4124-9078-46bc3a96f4aa,600,36,636
bfdb2561-99b8-4d61-b6aa-05e91db0b819,6bc1121c-8cca-463b-aa9a-9743b806fd50,2018-09-10T08:26:00,9a428c06-5ea8-4124-9078-46bc3a96f4aa,700,42,742
8fb55b52-80be-4975-ad0d-dffa5388de63,b6ac3466-fb6a-4929-b136-129eebf54a0e,2018-09-10T09:28:00,9a428c06-5ea8-4124-9078-46bc3a96f4aa,500,30,530
525e004a-c1ed-4179-ab25-7e2de1c691e4,86d7f2f9-b687-4a94-90d0-b6ec44353465,2018-09-10T10:35:00,9a428c06-5ea8-4124-9078-46bc3a96f4aa,1200,72,1272
c98170f7-70d1-4b65-b655-59973ad7c314,badf0303-0d19-47af-a578-b33accb02c0c,2018-09-10T11:15:00,9a428c06-5ea8-4124-9078-46bc3a96f4aa,400,24,424
28de97ae-810d-4b31-b078-ef11dffe4893,b7950dd8-9a95-4acc-8c70-ed0b21c33efd,2018-09-10T12:44:00,9a428c06-5ea8-4124-9078-46bc3a96f4aa,1800,108,1908
ee36bdea-d770-4dcd-afb6-a178f35ef38c,f45ea61a-aba7-4ace-b5e3-98568c00d288,2018-09-10T12:48:00,9a428c06-5ea8-4124-9078-46bc3a96f4aa,500,30,530
e271dca3-4c07-4ff5-88b1-a3f41346f1b8,ecb5db23-2fbc-40a4-b7a7-474c0e26e8bc,2018-09-10T13:01:00,9a428c06-5ea8-4124-9078-46bc3a96f4aa,600,36,636
4900d01a-0c6d-445a-b930-e31aba99df65,b3adf05e-2b81-4f0a-bcc7-769225d5500e,2018-09-10T13:29:00,9a428c06-5ea8-4124-9078-46bc3a96f4aa,600,36,636
7df4d3ca-c19d-4b14-be27-28de3263f2ea,4b7345c0-9852-4f52-b988-d7e52d17b4bd,2018-09-10T13:54:00,9a428c06-5ea8-4124-9078-46bc3a96f4aa,5000,300,5300
9d96886f-3ad9-494b-b32e-f70dec9e61c7,a18ea7de-58bd-402f-a460-0ae5942d75aa,2018-09-10T14:55:00,9a428c06-5ea8-4124-9078-46bc3a96f4aa,1900,113,2013
b27ea7b2-d616-4fa7-868c-9a764bb1ecda,6b95a127-f37e-419d-82ea-1f211a455c4d,2018-09-10T15:56:00,9a428c06-5ea8-4124-9078-46bc3a96f4aa,1700,102,1802
7afac294-ae9d-47de-85e8-f100c2381c42,b41b0b4c-9880-49fc-b1ef-44e89eaf300b,2018-09-10T16:42:00,9a428c06-5ea8-4124-9078-46bc3a96f4aa,500,30,530
15f63507-68cf-4923-a300-1bf4fa0ab7c9,77f83c5c-edfd-4c16-80ad-3b0c6c77a3e6,2018-09-10T16:59:00,9a428c06-5ea8-4124-9078-46bc3a96f4aa,500,30,530
b35ead1a-948f-47a0-aae3-90f9081dad3a,0fda7ee1-bbfc-4e58-8ce8-86b7c0979115,2018-09-11T07:27:00,9a428c06-5ea8-4124-9078-46bc3a96f4aa,400,24,424
fc20c7ad-1806-4581-b0ae-f72721bc40f9,f4ec60f1-a12b-453f-a8de-b572f03ac9b8,2018-09-11T07:32:00,9a428c06-5ea8-4124-9078-46bc3a96f4aa,400,24,424
7a862dc4-ae3d-41dd-a8d3-e00a7e2659bc,0921bcbf-6899-467c-a737-a6fb7838884c,2018-09-11T07:38:00,9a428c06-5ea8-4124-9078-46bc3a96f4aa,600,36,636
2a384ec5-456e-4eb0-831f-361318a29761,6bc1121c-8cca-463b-aa9a-9743b806fd50,2018-09-11T07:44:00,9a428c06-5ea8-4124-9078-46bc3a96f4aa,600,36,636
ffe1c310-1ee4-425a-8448-7a08aab46f7f,7731c602-b4a8-48ec-a8d2-f57f32343b8a,2018-09-11T07:46:00,9a428c06-5ea8-4124-9078-46bc3a96f4aa,600,36,636
1638fcf8-dfe2-4129-8b86-6b7578a0e027,27e4110a-6579-4c59-95d1-4cb1a773c0e1,2018-09-11T08:11:00,9a428c06-5ea8-4124-9078-46bc3a96f4aa,600,36,636
40a0901e-0208-455a-9ab4-f81d50d910aa,ef67fa1e-ee9b-4fee-a9cc-273274c8ad8f,2018-09-11T08:18:00,9a428c06-5ea8-4124-9078-46bc3a96f4aa,600,36,636
14875e77-2b36-43a6-b70f-5478704e878b,b3e02382-b6f0-4d86-ab73-fcede315e42d,2018-09-11T08:18:00,9a428c06-5ea8-4124-9078-46bc3a96f4aa,600,36,636
55c58778-a7c6-4a70-bcc0-19b6f0c91c57,e412d518-bb74-405e-b921-5ede22967265,2018-09-11T08:54:00,9a428c06-5ea8-4124-9078-46bc3a96f4aa,600,36,636
a24ceef4-8375-4c2e-beb4-db4e770211fa,936d32d3-0fd0-496e-ac8c-8ca2b5acbd24,2018-09-11T10:09:00,9a428c06-5ea8-4124-9078-46bc3a96f4aa,3300,198,3498
55ad3343-7fb2-4971-a4a7-7cf82541a0bc,b3adf05e-2b81-4f0a-bcc7-769225d5500e,2018-09-11T10:13:00,9a428c06-5ea8-4124-9078-46bc3a96f4aa,400,24,424
58d1aaf7-9e79-4149-87bf-c9ee8059e94e,7b1cc8b0-a30c-4314-a923-aa7ba0fbbfec,2018-09-11T11:06:00,9a428c06-5ea8-4124-9078-46bc3a96f4aa,0,0,0
5a8890a5-10c1-4047-8b26-e47f3226a8a3,77f83c5c-edfd-4c16-80ad-3b0c6c77a3e6,2018-09-11T11:12:00,9a428c06-5ea8-4124-9078-46bc3a96f4aa,1700,102,1802
adf29c54-883f-4f7f-ae94-43e36d171759,de388a00-d427-4ced-91e5-6db9f1cd007b,2018-09-11T12:07:00,9a428c06-5ea8-4124-9078-46bc3a96f4aa,2400,144,2544
1b669c04-f03c-4b9c-9c63-77047ad16205,b6ac3466-fb6a-4929-b136-129eebf54a0e,2018-09-11T12:09:00,9a428c06-5ea8-4124-9078-46bc3a96f4aa,700,42,742
d7e73c45-1364-4c8f-9e01-1d4281ebeae8,2e5d843d-9325-44f2-8927-56bcfd469e17,2018-09-11T12:33:00,9a428c06-5ea8-4124-9078-46bc3a96f4aa,1100,65,1165
ea5913fd-950a-4f99-8f97-de55c3ed1e64,ecb5db23-2fbc-40a4-b7a7-474c0e26e8bc,2018-09-11T13:25:00,9a428c06-5ea8-4124-9078-46bc3a96f4aa,400,24,424
3637af20-f8ec-43a8-9334-505cafd5468f,86d7f2f9-b687-4a94-90d0-b6ec44353465,2018-09-11T14:31:00,9a428c06-5ea8-4124-9078-46bc3a96f4aa,1600,96,1696
86a7c1a3-f3b0-44ba-8408-3b92fefb81b3,a18ea7de-58bd-402f-a460-0ae5942d75aa,2018-09-11T14:45:00,9a428c06-5ea8-4124-9078-46bc3a96f4aa,600,36,636
8463e460-f861-4dd2-8e21-5015bde64c1c,0c7d36a5-4dc3-4710-81be-fb31a330ec49,2018-09-11T15:41:00,9a428c06-5ea8-4124-9078-46bc3a96f4aa,700,42,742
47dade0d-0145-4e09-9b71-e8fae0056500,e412d518-bb74-405e-b921-5ede22967265,2018-09-12T07:44:00,9a428c06-5ea8-4124-9078-46bc3a96f4aa,700,42,742
5a12945d-196a-498e-ba04-3c8057962ab4,ef67fa1e-ee9b-4fee-a9cc-273274c8ad8f,2018-09-12T07:48:00,9a428c06-5ea8-4124-9078-46bc3a96f4aa,600,36,636
47b91a6a-ff09-4888-ba52-1193e098a02e,0921bcbf-6899-467c-a737-a6fb7838884c,2018-09-12T07:56:00,9a428c06-5ea8-4124-9078-46bc3a96f4aa,600,36,636
1f7f4a5a-74d6-4684-87bc-f62d89a43d55,b3e02382-b6f0-4d86-ab73-fcede315e42d,2018-09-12T08:05:00,9a428c06-5ea8-4124-9078-46bc3a96f4aa,600,36,636
226ffec3-2344-42aa-a20a-350666f4660e,0d03d1f6-3182-411c-8163-87e3ce5c1e21,2018-09-12T08:05:00,9a428c06-5ea8-4124-9078-46bc3a96f4aa,600,36,636
8fe30ab1-25ce-49e2-ae34-a88533fff630,f4ec60f1-a12b-453f-a8de-b572f03ac9b8,2018-09-12T08:09:00,9a428c06-5ea8-4124-9078-46bc3a96f4aa,600,36,636
e9e68d6b-5213-4f95-8a66-153bdcf74625,6bc1121c-8cca-463b-aa9a-9743b806fd50,2018-09-12T08:11:00,9a428c06-5ea8-4124-9078-46bc3a96f4aa,500,30,530
1a56fd46-92de-4799-988a-2eea7d6552d2,ef26f344-f7ff-43f7-ac62-f1ebdd03c921,2018-09-12T08:11:00,9a428c06-5ea8-4124-9078-46bc3a96f4aa,500,30,530
d2451eec-ec41-4716-8d6c-6c99fc8ce939,0fda7ee1-bbfc-4e58-8ce8-86b7c0979115,2018-09-12T08:11:00,9a428c06-5ea8-4124-9078-46bc3a96f4aa,600,36,636
c3e3701c-be72-494c-a780-a0a17b12f777,27e4110a-6579-4c59-95d1-4cb1a773c0e1,2018-09-12T08:17:00,9a428c06-5ea8-4124-9078-46bc3a96f4aa,600,36,636
45053779-a3ce-43d3-875a-545b87262703,55054283-2f1d-493e-bd97-17d6e3be8057,2018-09-12T08:18:00,9a428c06-5ea8-4124-9078-46bc3a96f4aa,700,42,742
21498e0f-a0bd-426d-8d2a-91f5a80893d0,02088bd8-eb6c-46b7-89c4-dc504a750d6f,2018-09-12T11:20:00,9a428c06-5ea8-4124-9078-46bc3a96f4aa,0,0,0
1ceb26d2-dcd7-4fbb-bb76-68c9f52e22d7,77f83c5c-edfd-4c16-80ad-3b0c6c77a3e6,2018-09-12T11:32:00,9a428c06-5ea8-4124-9078-46bc3a96f4aa,500,30,530
060d9119-e3b5-405b-983c-e2e0f094eead,badf0303-0d19-47af-a578-b33accb02c0c,2018-09-12T11:53:00,9a428c06-5ea8-4124-9078-46bc3a96f4aa,600,36,636
5ce4c0f6-1fc2-483e-98b0-28aa290d7551,f45ea61a-aba7-4ace-b5e3-98568c00d288,2018-09-12T12:08:00,9a428c06-5ea8-4124-9078-46bc3a96f4aa,600,36,636
a6a5484e-4174-4206-b432-3a2c6ee3a7c9,ecb5db23-2fbc-40a4-b7a7-474c0e26e8bc,2018-09-12T12:26:00,9a428c06-5ea8-4124-9078-46bc3a96f4aa,600,36,636
fb288d88-1427-4fae-b6c2-2ee1119dc8e6,a18ea7de-58bd-402f-a460-0ae5942d75aa,2018-09-12T14:26:00,9a428c06-5ea8-4124-9078-46bc3a96f4aa,1600,96,1696
2e6997a8-8f36-4bff-a145-a7892d1d12aa,de388a00-d427-4ced-91e5-6db9f1cd007b,2018-09-12T14:50:00,9a428c06-5ea8-4124-9078-46bc3a96f4aa,2300,138,2438
bb063459-06d3-43dd-9e55-1ddcb2f57019,2e5d843d-9325-44f2-8927-56bcfd469e17,2018-09-12T15:59:00,9a428c06-5ea8-4124-9078-46bc3a96f4aa,900,54,954
859afd36-4be5-4432-a959-f5a4cd2ebdc1,f4ec60f1-a12b-453f-a8de-b572f03ac9b8,2018-09-13T07:00:00,9a428c06-5ea8-4124-9078-46bc3a96f4aa,500,30,530
444cfb49-e75a-4519-88f2-2c13c28ac4dd,f45ea61a-aba7-4ace-b5e3-98568c00d288,2018-09-13T07:00:00,9a428c06-5ea8-4124-9078-46bc3a96f4aa,600,36,636
72d6ce7b-5853-4942-9cb8-646bc4c22696,a18ea7de-58bd-402f-a460-0ae5942d75aa,2018-09-13T07:08:00,9a428c06-5ea8-4124-9078-46bc3a96f4aa,1600,96,1696
340eea14-4f69-447e-8515-54249ef93b91,e412d518-bb74-405e-b921-5ede22967265,2018-09-13T07:23:00,9a428c06-5ea8-4124-9078-46bc3a96f4aa,600,36,636
414fbde7-d09e-4543-9f88-5d39c005ba70,0d03d1f6-3182-411c-8163-87e3ce5c1e21,2018-09-13T07:26:00,9a428c06-5ea8-4124-9078-46bc3a96f4aa,700,42,742
15011640-1a1e-4e31-b63d-d7c1bcd720e1,6b95a127-f37e-419d-82ea-1f211a455c4d,2018-09-13T07:30:00,9a428c06-5ea8-4124-9078-46bc3a96f4aa,600,36,636
8bc8dafd-cfc7-4d0d-83f3-c732e5b068b1,55054283-2f1d-493e-bd97-17d6e3be8057,2018-09-13T07:42:00,9a428c06-5ea8-4124-9078-46bc3a96f4aa,500,30,530
4ceddd3b-e6b7-4bce-9734-2c53d9920681,ef67fa1e-ee9b-4fee-a9cc-273274c8ad8f,2018-09-13T07:49:00,9a428c06-5ea8-4124-9078-46bc3a96f4aa,700,42,742
44266b89-680d-40fe-88d2-5fa16600451a,7731c602-b4a8-48ec-a8d2-f57f32343b8a,2018-09-13T07:50:00,9a428c06-5ea8-4124-9078-46bc3a96f4aa,700,42,742
ff4e9749-67db-46ed-8cce-79759f850973,0921bcbf-6899-467c-a737-a6fb7838884c,2018-09-13T08:02:00,9a428c06-5ea8-4124-9078-46bc3a96f4aa,600,36,636
cb841e80-7b48-49e5-8631-8c4eb57a4a47,ca78bc41-9d6e-4d40-ae2f-24ba8f358b77,2018-09-13T08:07:00,9a428c06-5ea8-4124-9078-46bc3a96f4aa,500,30,530
f22d43b4-bf88-48ae-8acd-c1051795b2eb,b3e02382-b6f0-4d86-ab73-fcede315e42d,2018-09-13T08:08:00,9a428c06-5ea8-4124-9078-46bc3a96f4aa,400,24,424
63d6e573-66e5-4cef-a71c-eb8c747e5272,27e4110a-6579-4c59-95d1-4cb1a773c0e1,2018-09-13T08:09:00,9a428c06-5ea8-4124-9078-46bc3a96f4aa,500,30,530
0f1ef1f2-602c-4081-a8e9-9143841d6034,ef26f344-f7ff-43f7-ac62-f1ebdd03c921,2018-09-13T08:09:00,9a428c06-5ea8-4124-9078-46bc3a96f4aa,400,24,424
15d9923d-f0be-4eb3-a3a6-302174b7c8ab,6bc1121c-8cca-463b-aa9a-9743b806fd50,2018-09-13T08:13:00,9a428c06-5ea8-4124-9078-46bc3a96f4aa,500,30,530
8cd921a4-26ec-49d7-84ae-7e9eae2103c6,0fda7ee1-bbfc-4e58-8ce8-86b7c0979115,2018-09-13T08:42:00,9a428c06-5ea8-4124-9078-46bc3a96f4aa,600,36,636
0053870d-30e0-4b8b-b9c8-8666dc481912,4b7345c0-9852-4f52-b988-d7e52d17b4bd,2018-09-13T10:38:00,9a428c06-5ea8-4124-9078-46bc3a96f4aa,4000,240,4240
1124b4df-1f1d-4c3e-b54a-86d2ff039c7c,cbee55ad-8f9d-4c1e-a965-cd5920ab10e6,2018-09-13T10:45:00,9a428c06-5ea8-4124-9078-46bc3a96f4aa,700,42,742
6fbccde0-d18b-4cc5-801e-5b01b7655fec,64846b71-6886-41cf-920e-5172b2f5433c,2018-09-13T11:00:00,9a428c06-5ea8-4124-9078-46bc3a96f4aa,700,42,742
db44e03e-2c4a-4b41-8255-ae8522c3b164,2e5d843d-9325-44f2-8927-56bcfd469e17,2018-09-13T11:47:00,9a428c06-5ea8-4124-9078-46bc3a96f4aa,400,24,424
5a0b4fd9-2895-46ef-8caa-35dc6aa7d634,ecb5db23-2fbc-40a4-b7a7-474c0e26e8bc,2018-09-13T12:11:00,9a428c06-5ea8-4124-9078-46bc3a96f4aa,600,36,636
9a2a58ed-02e4-48d0-b182-60d6aef67a0a,b3adf05e-2b81-4f0a-bcc7-769225d5500e,2018-09-13T12:40:00,9a428c06-5ea8-4124-9078-46bc3a96f4aa,600,36,636
f88cf24c-53c5-4fcc-90c5-4f9315e68de4,b7950dd8-9a95-4acc-8c70-ed0b21c33efd,2018-09-13T13:02:00,9a428c06-5ea8-4124-9078-46bc3a96f4aa,600,36,636
6ce53694-439f-48b3-aaaa-37418be9ae35,0c7d36a5-4dc3-4710-81be-fb31a330ec49,2018-09-13T13:53:00,9a428c06-5ea8-4124-9078-46bc3a96f4aa,1200,72,1272
906e35ca-f737-4ffa-958d-10b8df0ca381,77f83c5c-edfd-4c16-80ad-3b0c6c77a3e6,2018-09-13T14:22:00,9a428c06-5ea8-4124-9078-46bc3a96f4aa,600,36,636
23558d46-b418-4cbe-b4b8-53b1aea6072e,b6ac3466-fb6a-4929-b136-129eebf54a0e,2018-09-13T15:01:00,9a428c06-5ea8-4124-9078-46bc3a96f4aa,600,36,636
10d4ad3e-e1cf-45b1-97da-339516538c4d,b3e02382-b6f0-4d86-ab73-fcede315e42d,2018-09-14T07:17:00,9a428c06-5ea8-4124-9078-46bc3a96f4aa,600,36,636
978fd08f-734a-4b56-9d82-2a4bed1b4907,0d03d1f6-3182-411c-8163-87e3ce5c1e21,2018-09-14T07:27:00,9a428c06-5ea8-4124-9078-46bc3a96f4aa,500,30,530
df21bee1-ada0-4d90-9fc6-7f14c86fcb2b,f4ec60f1-a12b-453f-a8de-b572f03ac9b8,2018-09-14T07:28:00,9a428c06-5ea8-4124-9078-46bc3a96f4aa,700,42,742
7209916a-8d4b-4445-93a9-cb9f1596ccfd,0fda7ee1-bbfc-4e58-8ce8-86b7c0979115,2018-09-14T07:30:00,9a428c06-5ea8-4124-9078-46bc3a96f4aa,600,36,636
a3d65e56-56a7-4ecb-b5f1-5b6fd318a3b8,27e4110a-6579-4c59-95d1-4cb1a773c0e1,2018-09-14T07:40:00,9a428c06-5ea8-4124-9078-46bc3a96f4aa,700,42,742
916e5b91-10ff-4db9-8a52-43678a7ca1ca,0921bcbf-6899-467c-a737-a6fb7838884c,2018-09-14T08:05:00,9a428c06-5ea8-4124-9078-46bc3a96f4aa,400,24,424
ad3da649-8c64-4c2a-9deb-94c97880af4c,7731c602-b4a8-48ec-a8d2-f57f32343b8a,2018-09-14T08:15:00,9a428c06-5ea8-4124-9078-46bc3a96f4aa,700,42,742
7efe7b46-6df4-44f4-a74c-a5e4a0b1e9a9,e412d518-bb74-405e-b921-5ede22967265,2018-09-14T08:17:00,9a428c06-5ea8-4124-9078-46bc3a96f4aa,400,24,424
1658b5fc-9b9c-4c7f-84be-90e340c07ef1,ca78bc41-9d6e-4d40-ae2f-24ba8f358b77,2018-09-14T08:31:00,9a428c06-5ea8-4124-9078-46bc3a96f4aa,700,42,742
da300f2c-b393-44d7-b12a-d1b8ad9e6be6,ef26f344-f7ff-43f7-ac62-f1ebdd03c921,2018-09-14T08:43:00,9a428c06-5ea8-4124-9078-46bc3a96f4aa,600,36,636
f34c5630-6a78-4080-90e2-16e2b6799b8b,ecb5db23-2fbc-40a4-b7a7-474c0e26e8bc,2018-09-14T09:20:00,9a428c06-5ea8-4124-9078-46bc3a96f4aa,400,24,424
6540f856-9edf-467c-bb26-7ee23b78d871,badf0303-0d19-47af-a578-b33accb02c0c,2018-09-14T09:56:00,9a428c06-5ea8-4124-9078-46bc3a96f4aa,600,36,636
a5cd5862-e711-4aec-a530-4833e89da193,f45ea61a-aba7-4ace-b5e3-98568c00d288,2018-09-14T10:18:00,9a428c06-5ea8-4124-9078-46bc3a96f4aa,400,24,424
279f9092-ef94-4217-8f92-936e21fb10c4,b6ac3466-fb6a-4929-b136-129eebf54a0e,2018-09-14T11:06:00,9a428c06-5ea8-4124-9078-46bc3a96f4aa,600,36,636
aa07533c-264f-4e3d-a73d-f4e7314a34fc,a18ea7de-58bd-402f-a460-0ae5942d75aa,2018-09-14T12:18:00,9a428c06-5ea8-4124-9078-46bc3a96f4aa,500,30,530
9ae5a307-430c-4f91-ad73-f8d2afb56d4c,6b95a127-f37e-419d-82ea-1f211a455c4d,2018-09-14T13:41:00,9a428c06-5ea8-4124-9078-46bc3a96f4aa,600,36,636
